read_id	transcript_id	gene	original_chromosome	original_start_0based	original_end_0based_exclusive	original_reverse	source_mapq	read_length	sequence_sha256	quality_sha256
SRR9304718.101430	NM_001289746.2	GAPDH	NC_000012.12	6534821	6538371	False	50	1308	5505f2002f497aae067f6e6dcc163fc09ab45edb464409eb83cde671dd0207a1	e88bc0e869651a21a0695d9f9f2782064bc114e39552cb8b3430bc0cadabd41c
SRR9304718.102488	NM_001289746.2	GAPDH	NC_000012.12	6534827	6538329	False	60	1236	443545728728ec72370d8662e9340395f2969068292eba812f0068a4fc1cd0f6	480853640fccaaf08972254ce915cd420d67d919b6ba8a6d21860e8850836df5
SRR9304718.111277	NM_001289746.2	GAPDH	NC_000012.12	6534812	6538359	False	60	1202	f6dcfb925bef7c479a8393d221d7d52378bdeb9b8c7bb97b44829ae063e9f8b0	c13ca06216d2423767356f0b1a20c7cffdd5554dee0829d12501c30ec7aa1ce6
SRR9304718.113484	NM_001289746.2	GAPDH	NC_000012.12	6534806	6538260	False	43	1229	74272ecfaa9c0b34f59ba2ca283116c81c69a52cbe0861428740dcf1b327eac1	45e608db864726e7d458af07f25ece5d5493803731ce4764357c0a0e07e9fa8f
SRR9304718.122507	NM_001289746.2	GAPDH	NC_000012.12	6534811	6538371	False	60	1282	401e79811b2025542ff5ea88bc09b6c31f35ca84081d0df692a55ad341ff908f	a6def0947fa33fd28d8ab4b2b5bfc29c0e7bf68acb7d62ff96b59923db3929d3
SRR9304718.128371	NM_001289746.2	GAPDH	NC_000012.12	6534801	6538359	False	60	1217	a2603d755f522cd485c71acdb9ac9c1894761b67facdff71df025370112e13b0	e10216fff5d4b9a3ca67f5a7e8fb977e4ad9cb4d4e98225c52b9272b4de9f631
SRR9304718.130142	NM_001289746.2	GAPDH	NC_000012.12	6534812	6538310	False	60	1243	7a7f915a3da66c8ef6995b38cc8f6c3c78b8ba623a12a6e0b86f3d5b5211458e	5f7b54c63e8447483c4b14e44bbd3bdba3751bdb0759e39c5cc7af3f66693e24
SRR9304718.136711	NM_001289746.2	GAPDH	NC_000012.12	6534843	6538371	False	58	1178	038dbaa6b67e72c5ad6939cb07646b6a78ade8c3c4c8b44cf00eda368daec825	faceb6334d3144657ff0360187c8c4dfd1a0f3476f2600d27e284735eb64f4dd
SRR9304718.140037	NM_001289746.2	GAPDH	NC_000012.12	6534819	6538371	False	48	1240	9552bc23ebeb7c34ab615bad758dad2ef945583c56abbc1393663ccc1c7ba423	1ed215ff29a53f6b1dbcef52633d40b56785da7cf7c876015e42fa3196562113
SRR9304718.143730	NM_001289746.2	GAPDH	NC_000012.12	6534806	6538336	False	60	1210	091c41058e4fb1cbaaed890277203235c8cca0a8cb3e7e0d09129d56f9d08e46	49beb0681e8e5b30d5df58039b40a91c63cb10fb29397b5e54ffe4971c588ccb
SRR9304718.145438	NM_001289746.2	GAPDH	NC_000012.12	6534817	6538346	False	50	1254	546a32336bcd340028352d583b508c224eaa36900583a60bb913d08c02580086	d04aa62a942702c448a32b2dcf6a240f80238af79564814b9df339e9a318895d
SRR9304718.146022	NM_001289746.2	GAPDH	NC_000012.12	6534843	6538358	False	60	1250	633d2b74686d5f054190726ea0f10c3c65ee3426b626b3d5020fcb1816a0b438	02ae9daab88264ae1c2dc879dfe6fd23c85fe981380faca3a8f4fe64e0b37e5c
SRR9304718.149146	NM_001289746.2	GAPDH	NC_000012.12	6534835	6538371	False	60	1161	6c728ea87bedfd8711a2e74fb30075e49a6191748c43f2b4fe588746b6acf89f	95a9fd3292aad16904cb5f1798461b832806ec3f875c2c8c6bb5059cff1e25b9
SRR9304718.151944	NM_001289746.2	GAPDH	NC_000012.12	6534806	6538367	False	60	1247	6516d220fe1cd737cb3bc0c5c8e5af28da4e3903633fd65ddd36663d4c746915	570e8f5b81f40d409eab579a69ae01c41d36c27e605845ae97c411821680f65d
SRR9304718.156536	NM_001289746.2	GAPDH	NC_000012.12	6534812	6538262	False	60	1225	32557dd7bd227ad9603058b3dbeee04f1ae0a368e0a591aff8d98a2eb9e2b1c2	0916855ab10ac80d9639b8fbcdd64ddc6c0ddee7c63b43ef4a25f65f4a63555c
SRR9304718.157303	NM_001289746.2	GAPDH	NC_000012.12	6534824	6538358	False	47	1287	2b6571ba623cf9662aa81e69213a2fdcc27474be8fc994c4e67083e007ed2e99	869acaeedd392fb564c3addc3a66487cc6a95ec09f2b8f572f4c3a13822380d6
SRR9304718.159814	NM_001289746.2	GAPDH	NC_000012.12	6534817	6538346	False	60	1248	3957bfc4a887635d47966dd0b276e63dfff877a26eee4ca4da7fa43c1d243a4a	41ed36c9c8528468e43b06afa00941dfe8cd85d3ceec77979afe9a6a1928b1e1
SRR9304718.160350	NM_001289746.2	GAPDH	NC_000012.12	6534826	6538360	False	60	1257	fd1a2749b0017161a8ba488c2fa69ff2917723bef442995c99517af9fea94150	8cc06472f5222be1b4a50662c54faad91b4801cce4cfd47e7e82949d191eb2f2
SRR9304718.161969	NM_001289746.2	GAPDH	NC_000012.12	6534806	6538360	False	60	1260	5cc1a99dbdb0db6efccdda90410c39758b4948b86623a567094b2a8b44cbe2a6	c727aa663f06fd798dc60acfc1225e14e00790f9c75ade5708eb9486bafe726b
SRR9304718.162571	NM_001289746.2	GAPDH	NC_000012.12	6534836	6538371	False	53	1256	7ffa37ca770d8d76c5d935b2821b786fc4d08e7e9b341009a938728a5a7f2923	a27ab98b0cc2f27d5a4682458da836df66eba3daf4f1524a33d7e21d4c27e62b
SRR9304718.170129	NM_001289746.2	GAPDH	NC_000012.12	6534810	6538371	False	58	1272	0c6083c21d1e0e798d857cafbc98bae6b98aa60e54e1dfd15c5ed0c8a3466a92	0f5253bfae52a6308d60defa4a67908454a937c372cf334d038237722a406243
SRR9304718.170363	NM_001289746.2	GAPDH	NC_000012.12	6534839	6538367	False	46	1132	b38e7ba01b97b42e185aaa79a6bf62c8f45808ec4ef692b8989c6258d6ba9b50	fc00d9c9491534122c02c3dab22e923f14528c9bace6162a0b7f6ca38af15337
SRR9304718.171199	NM_001289746.2	GAPDH	NC_000012.12	6534806	6538328	False	60	1234	ec40ab612faaa4bd2b6d133732b5368ba3f30c2bb5c2b338d1582c9307ca93d0	ea40be658951b045a2a9a22618470122322cab99853d6754c71b0a7987836bc8
SRR9304718.173267	NM_001289746.2	GAPDH	NC_000012.12	6534825	6538371	False	59	1236	488845a0f90f19b23ec41e2a92908351f5f3946e18bd3106400b25b840a93288	19ff7ea125772e6009417cfab545be0de19ece45db2f8b9919edbc42a55bc2fe
SRR9304718.173523	NM_001289746.2	GAPDH	NC_000012.12	6534824	6538306	False	60	1194	5c2e624d8075ea1394a492766ccfe622335b968dccff8d0d9c1bc3d29c2227ab	24e0933b32fd4f35b14b211f81f4a94fa0e7becc267d752f5598fc40490cbca5
SRR9304718.173645	NM_001289746.2	GAPDH	NC_000012.12	6534831	6538371	False	60	1263	4cb96c8001510b64d2534aadcf687dd1ba0cf44f60375433fa1988e8c64313d8	2fa5d99587283ece6832fde3a1176e243ff7f3be8634a50a531b8dbb431b3889
SRR9304718.176762	NM_001289746.2	GAPDH	NC_000012.12	6534806	6538368	False	53	1241	9b2974b05eb8c8859715c72f8d9cddc96a6985d3e9adab05a2afa01829a0f2ab	d27b730d31fbced23991a0a20a3b53b7736e0eba00a557d2ce78430558c1cfb7
SRR9304718.178047	NM_001289746.2	GAPDH	NC_000012.12	6534806	6538311	False	60	1276	92fbd78bdd3b6a03715c20c425405151e6c5b2400ccb5ff3d179470673cbae2c	6a3d21f46d02b6894abad888e8653b2d21a67581ec314b2490262727ffcd66e4
SRR9304718.179930	NM_001289746.2	GAPDH	NC_000012.12	6534824	6538368	False	44	1235	49849b8de3f61ed397477fe70e99ca38457aa3939aee39e4e793efa8684eb9ba	6829a5d0bc52d57fdc2c8a337fd43c750662d86a6d1106b9a8c99348c5ecf4b4
SRR9304718.182688	NM_001289746.2	GAPDH	NC_000012.12	6534825	6538311	False	60	1289	b40eea85a53236befced52aec4d396e80799cf33d5b6959a87f2319a896cd68f	04df93075f8e260d2a0438f4a7bd9bf0f24122a84e14174a26f9c0762e0625a9
SRR9304718.183497	NM_001289746.2	GAPDH	NC_000012.12	6534823	6538371	False	52	1235	6bd927002a1c960ea95fef71a1ee04b514b3efe5626f9df7cf3c3d37be8dea78	3bc33127d2300c4ff1e63f41c8e3fb35e5f4d25b721a172c47ba1eafda254f2f
SRR9304718.184137	NM_001289746.2	GAPDH	NC_000012.12	6534806	6538362	False	54	1275	c84619a0dbc85f087d12ad637c907f4174b671652c6465af4f04e1f47a11cc31	e4f316a73acfbaf68d5574a8410ffaf39ccee40db79049d5fd812c3503e94fa4
SRR9304718.186446	NM_001289746.2	GAPDH	NC_000012.12	6534826	6538371	False	60	1281	a37b751635fa41b7a12c9e5d65a1e0c292fd1e5515ea8de7dfeb27ed419458a1	49a1aa8c971ee952b5bac4f7946041671977fb77c54a24a02aad5226590cddc3
SRR9304718.186464	NM_001289746.2	GAPDH	NC_000012.12	6534837	6538358	False	60	1277	45d92a7e875cb1f0c71dccedded64c4bd3da40c20459803ed60240a128c719fd	e3fc6d4c4506a8523e2826cb5b69f7c45ac8fc0c731c6580dc2bd342ccd9a716
SRR9304718.191622	NM_001289746.2	GAPDH	NC_000012.12	6534806	6538371	False	60	1244	3c9913395aa618e6965598c8ff31f6f5640b29b5ce52303ba8a1b207cc096a26	2dae99f5b4f86f53a786c623ae5681e69dc8a2257b828967c6d00c0b5832ee97
SRR9304718.195672	NM_001289746.2	GAPDH	NC_000012.12	6534834	6538367	False	55	1201	44be6551c6c0a9c360c37d78c93398b69e21fd6b31e21adbff90b072f52b1641	3b3f015f5cdaeed4affb5030be38d666dbc4d17c92768d6c123dca06974baf75
SRR9304718.196337	NM_001289746.2	GAPDH	NC_000012.12	6534811	6538343	False	55	1266	11790e852548e45fa6d4c3ebf1372b694e02052b1a7ae23eef781c102fad3a77	fe63c21631ce7748f7d2adc25caae2de40995ea701266f92463677e6c18978c3
SRR9304718.197160	NM_001289746.2	GAPDH	NC_000012.12	6534811	6538371	False	49	1289	71dc92acb95ec664413cd203efd2e0aaf2b2015ac36c45baa084f6a3b62554ad	0818ae576860e1ccb3f6c7803f5cbbcefe0192efa40357e50a1a43ca8ca34027
SRR9304718.200821	NM_001289746.2	GAPDH	NC_000012.12	6534811	6538350	False	60	1248	2dfbfa2409654b3d0af8ce2ad3e3e43ec7e5555b215c11a4f87b417356612908	3c365ba6f8bedd4a8c1575a648940f350266992627772a3acc1986d7328af1b5
SRR9304718.204662	NM_001289746.2	GAPDH	NC_000012.12	6534801	6538328	False	60	1244	cbc2e841ad6c87c0b0af5d44ac933260dbb20263754e90da2de068a071cea5f5	c4cf54c1c282977a99559a58de4ee954d900fe2f3be97440e8bd8b3295e066c1
SRR9304718.204852	NM_001289746.2	GAPDH	NC_000012.12	6534806	6538351	False	60	1319	2c96361adcc2c3768f71013f818682d5390bb37f9644a3a52c849b39dd792432	931f1779243665c334cec727a19e3d95e0b30b7dd9af33df1d512470cd2623cf
SRR9304718.207070	NM_001289746.2	GAPDH	NC_000012.12	6534812	6538329	False	60	1265	d11d4d8d11b6f8a1e3cd92b5a6ccdaed20713e27279bd630b3941e6405dbfe3c	a4b699b4b2e7674e339c81d51c968768d565ec24219703feb8b2f8bb433765a7
SRR9304718.211201	NM_001289746.2	GAPDH	NC_000012.12	6534806	6538359	False	60	1172	10f76be1ecfea596bb749ac9df57ad9bb6798d089b666c8ef247ec85c1899546	34db58afcd06b94d1ac94d08e9e8a11a0b6a51fed2ff50641784ebf9e51c1857
SRR9304718.211953	NM_001289746.2	GAPDH	NC_000012.12	6534811	6538371	False	60	1221	d29bccd89ec907f66cf7c1e1a1ea8880d373662a0b807aef4cc5a829c85e39be	24010f8d3353f5016e907511a9e6791b94eb2c1b92439af97d5bfa32bdea70c1
SRR9304718.214391	NM_001289746.2	GAPDH	NC_000012.12	6534806	6538328	False	60	1249	6e663539a44d19bf06745ed28f1d1bbce4d817131f44adfbfb6f0d6dbc47827a	1242bd5b2ebe546d41e030d00501cf12151c631e87eb659f59c10b31ac3d50a4
SRR9304718.214791	NM_001289746.2	GAPDH	NC_000012.12	6534806	6538332	False	60	1273	497181f8c3e3ea81a53a85c848775acc1df87c3c46cbd9bde9907e479b963026	3d618ca7f05fad0470784cd917404a7371f98650d7f2439eb250c6b3d06a13c3
SRR9304718.218213	NM_001289746.2	GAPDH	NC_000012.12	6534810	6538371	False	60	1281	97b7ad3663008c65c3e343dba784098943ff229e12a98eabbe7d11527d0d2def	58491247868a8d5dde2ff1cfffdb386776a950a5211d9c2012df846fb73bbebb
SRR9304718.218283	NM_001289746.2	GAPDH	NC_000012.12	6534806	6538358	False	60	1232	630f936d681d874e15a9d48e20920283b8dc20681a882e11d91e4ca5e352cca1	33c0137b677a14cd3c068aa3586371ca96074a8f91ff69bd65ccbab8840df5e2
SRR9304718.219186	NM_001289746.2	GAPDH	NC_000012.12	6534806	6538344	False	60	1251	8f0e292c036b07af60138fac873eaa21271e23543c001e2a86e251c3dde64cbc	189b7831698815e021c87380caf50cce07fb60ce62f2b5ad4b8c92a09902267e
SRR9304718.219568	NM_001289746.2	GAPDH	NC_000012.12	6534806	6538367	False	60	1229	5f606160545ec6f89317b139e9aa2f71b85067a76ac35b4bfe26b9e74d1c92d7	d2a1331d3070ca0102be24dc63ab1baa819432f70a1838098d9906fa608b8595
SRR9304718.220088	NM_001289746.2	GAPDH	NC_000012.12	6534806	6538368	False	60	1255	29e6f04545d69d494a5d03a702ff64243d8d545695d0a01b52d4e2b81cde8ac4	640eeaac09db069afed38db6aebcb39c240c0d94c82a592c5f0a1685982c00e7
SRR9304718.222031	NM_001289746.2	GAPDH	NC_000012.12	6534806	6538371	False	60	1274	e1e9b1ba321c7247da47300225c08a2c89abd2df2ba2d4e192a53090ae7fd028	5e7a7269500e2fa6d4b221132087841f03742c4b7325203e3e5263b59707f6e3
SRR9304718.223678	NM_001289746.2	GAPDH	NC_000012.12	6534792	6538365	False	48	1282	8148e21a5df540cdab0c93647b85a437172ea0b7b5660daad4313de172b72931	7212d01c976ba15f46e68906892740694ebb12b22d663d62c97091717f8e888f
SRR9304718.224465	NM_001289746.2	GAPDH	NC_000012.12	6534806	6538362	False	48	1260	6b6c567ab890ab8e3c3158dfc00f5ebbe7775c541847d34254e19964ecb07b61	5777975a9c5840f107ea58c8af2e1a537193df0f53d95fb4598f129aea274914
SRR9304718.22585	NM_001289746.2	GAPDH	NC_000012.12	6534821	6538328	False	33	1225	56f3c61e554acda9828db95b51aefaa3dfa7a8a2ade5cefceccf50bb67ab5244	6ba91f329c5b65a5b1baa0fcd38dfb542e88a932428c435b3c0a50ce5f235b2d
SRR9304718.226591	NM_001289746.2	GAPDH	NC_000012.12	6534836	6538367	False	60	1243	ee085d185b879d9967eaaba2c1c5bf5426637d5b3e15be8b838f3c469fc1ac29	5f2335694ea9bd3f9d04f15d3d534c0251a42b407dd33e4002187de8523cfda9
SRR9304718.228401	NM_001289746.2	GAPDH	NC_000012.12	6534819	6538371	False	60	1290	84b78032decba14dae9750ed4e2e760a1d8cef4e29329c13e1951d722c751653	ad21996e238d6dfdf91d30407323800330cde8fd95965a81d99f0bd02b535d5d
SRR9304718.232441	NM_001289746.2	GAPDH	NC_000012.12	6534827	6538371	False	60	1242	4abb4e8b16e81a9551932a29219f956a2eb48cb724a941ff3141b0bb3b3b7fa3	c0bad5452811383bafd55cc0d42b392260b81a355914826c438816afa4e9cfe5
SRR9304718.234371	NM_001289746.2	GAPDH	NC_000012.12	6534811	6538358	False	60	1252	f7a08fbe57284e2a1c98ac9d7529a905d561966a129ec9d2669263eb06f4a459	e8427066822bac4f40841054c191147a815c56e4f34ad554fbc71dc8a6932887
SRR9304718.234702	NM_001289746.2	GAPDH	NC_000012.12	6534802	6538329	False	56	1252	a04f32ad398ee7b7c800891c0d849542c69b3b7763227d589f32279971614f3c	fba5027108582f98d9b73b0626257eb6a552f21742f962b4ed965fe3aa280890
SRR9304718.236870	NM_001289746.2	GAPDH	NC_000012.12	6534802	6538359	False	60	1273	3170992a81c25100092dcc0f101d601cbb063f3e56c66c3812644ba1fafa8db2	979757dd5e8d26be1e892684211323d74694868a1f8320f4421a16c3fc76bed7
SRR9304718.239072	NM_001289746.2	GAPDH	NC_000012.12	6534837	6538362	False	60	1237	6f503f46b440d8f5d941358ef5baca4542c48579a69d017f93c59c27bf8bfb33	9ee42b801df5a77051ab240426ce7c6a00b18c2ec9cd107a5e838824eb02f8eb
SRR9304718.240595	NM_001289746.2	GAPDH	NC_000012.12	6534822	6538362	False	60	1249	3b71324a427b9e3bffe196a09af9ade3233b1ba123569e1d0f049c95098fcb90	6ce936627c14ec593dccd8464597ed6fff726288ef49931f357167682be6f4ae
SRR9304718.241079	NM_001289746.2	GAPDH	NC_000012.12	6534824	6538350	False	60	1286	bbd0707b1c53f17dd1c8d1e8a00144c313c051c46c3bb7216604a40dc86a038f	851bd122747d7d8cd01dde791bdefb51be568eef5f7556cb3fd72dd6f779ce52
SRR9304718.241504	NM_001289746.2	GAPDH	NC_000012.12	6534806	6538358	False	60	1244	0d971b1a6f471ba7399c02ad65fc0939e2dbdb1bf218767881386311b929b01a	591b58134c5fa5dfe219ece0c6effe6584b3c801e5455a1d6d87fbaed625b604
SRR9304718.243810	NM_001289746.2	GAPDH	NC_000012.12	6534806	6538371	False	44	1264	66868981638141e78caae9e7132d325b2ca725d4917c8792985e7112bc034590	d02ba38724747eec6fa8f384a92b03da1e460a6fb3fabce6866136af86bc886f
SRR9304718.248744	NM_001289746.2	GAPDH	NC_000012.12	6534810	6538350	False	60	1241	490eeb429e246d99d7a8e121dbeca23aab14476cd9f6cd6c822893c68b18641e	a2e9f5093db9134a85f6bdff67d5b43e72c161a6b032ba3465be64c7cf51db58
SRR9304718.249493	NM_001289746.2	GAPDH	NC_000012.12	6534802	6538359	False	59	1288	d25a0b154543861d869dd50fc137f1fcdff7e3e647bbeccde20a0ad6c4777a94	f40d6b9864b51ee4937ae52c92ea698e643b3313e4466a3392293c24e1a72a3e
SRR9304718.250119	NM_001289746.2	GAPDH	NC_000012.12	6534806	6538311	False	60	1219	b6bb17831bdce4a8e2be80cd1ff35b199ba18e46d01397119dffadffa4919568	4a32647d5ba4875201fea85ad049a96109110cc1c98048e49f288022b5823345
SRR9304718.250333	NM_001289746.2	GAPDH	NC_000012.12	6534806	6538362	False	60	1249	6965b96a14326126a9479658f3163d7ca7a0dd9e289a2ee5b4ebd44e52cc9c01	d3c5a6d8c0fcf278e9713e45b3cf55766d122d41b6376a991a43a1e3c8f0c774
SRR9304718.250498	NM_001289746.2	GAPDH	NC_000012.12	6534806	6538352	False	60	1238	0fac86f7cd59f0c642553be000994984d9a02a08c50f70c442504a99bede6778	bfc8eb4c78c50e5ad978a0aa7a84f6acf7fc4f4af92657ea6c110e6156c6ac49
SRR9304718.251044	NM_001289746.2	GAPDH	NC_000012.12	6534811	6538364	False	60	1245	489b21dbb77782636d00e43b0b64b6221d7934145dc8d6051a5e00098a419972	72d4fbf2f8e22ad0f6ead4abb07396a7acdf7c30ba29279cdba6b1975ae3437c
SRR9304718.26317	NM_001289746.2	GAPDH	NC_000012.12	6534829	6538278	False	60	1219	16f1fcb75e0d42a684c9ca232618aeea8345a5db7f81d545faa479935f3e6089	b92d912d009b531e446d9c24b831995dabbf31cd927e1b76ee4a2f7ee0d0f8ba
SRR9304718.32662	NM_001289746.2	GAPDH	NC_000012.12	6534836	6538346	False	54	1181	80f86ab3fcc59906d5df281adfbffc88a3bd0d5d66a8ca86dd2f3539be92bdfc	ffe463b8ae5ebb400172090d32b4613fd71fb04f89f746c1b37825fec53c8f89
SRR9304718.33257	NM_001289746.2	GAPDH	NC_000012.12	6534820	6538368	False	60	1231	a475d6c051b3d686d20d29836783945ec029c686ecf732ac8aedaaff47517446	917eb228f2f6a7add190e431a5f790267bc293abf1c8e569a4e449ea3de83676
SRR9304718.34790	NM_001289746.2	GAPDH	NC_000012.12	6534812	6538310	False	60	1223	7cf86925ad1a42d7e2affa16f911b226edbc72c7d41fe34d445f3b33d688e98f	26ae738b3067eb4dcfd06cd5eb917f8502b24f3d5082f16b7fc002c72f56f2f4
SRR9304718.35477	NM_001289746.2	GAPDH	NC_000012.12	6534820	6538216	False	60	1208	b53d59df7b85605d6d1c38829f0bd19c5688e73e45e81f2326652a667dc8886f	8d837b2daa8db50a559b162f5e0f08d6d8643838ed72403558ecf34e584132fb
SRR9304718.4092	NM_001289746.2	GAPDH	NC_000012.12	6534838	6538336	False	60	1167	9ec61408d0bb4c4f90097c11041a202abbe67dd67928828004362739f1c49bdf	6e9393f699970a29af5059e704216b5e21fc24e6b430669db56cc650a09cbe8e
SRR9304718.41230	NM_001289746.2	GAPDH	NC_000012.12	6534806	6538200	False	56	1205	dd24d6614dd9937466976052bd2076db5a0286727fc2cd479c98a7aa899c34ac	eb67c7c7ba57730bee0315b8ad89b44b2a865c2eabb3cc0f1af45bf84d04d0e1
SRR9304718.41367	NM_001289746.2	GAPDH	NC_000012.12	6534806	6538365	False	60	1267	704fbd37af11b79c97050cfb386a2a98ecd14573219123c0d989e926f983fd29	202ff05ce35cf0e82a3af1339f11174cd6d39c546fb1109ec653c2bdf98cc5ca
SRR9304718.55715	NM_001289746.2	GAPDH	NC_000012.12	6534810	6538371	False	60	1247	4ab635e7d89567ea0a6ef9ef355d803dfcccf56017d55a1827f6ab5d685a61bb	f1d797d8ba48e219197bcba8b30fa8bccd0325d72030833f167f08373e326cbc
SRR9304718.57665	NM_001289746.2	GAPDH	NC_000012.12	6534821	6538371	False	60	1262	aa0cdcc5f0367b93aa5679d74263f5774985882a2281e9763e9e7dc2f9cb7ff3	a862d3d95120d10e91447042574dfe84417d660833c966aacad447b297afdb42
SRR9304718.58716	NM_001289746.2	GAPDH	NC_000012.12	6534836	6538328	False	60	1200	e1da75d5ceacbba76f6c68aed4ec737fb1c1885bbc26ba46abffad6c4803cc34	339f32eedbad7c16dffd7920d9f1c4fb72dd2ff1b37376da5a1bc7e2352b9bea
SRR9304718.62200	NM_001289746.2	GAPDH	NC_000012.12	6534825	6538293	False	60	1219	3e8aff853bdc4417843f6b97a395d073c8febd7e0c85b4808698ce8ea564a9e4	541db0bc3fed1f6bcaa78167175bc3a0bce51b7eaf6790aa238f94f04ad79945
SRR9304718.70905	NM_001289746.2	GAPDH	NC_000012.12	6534840	6538328	False	60	1267	29d1e172400e6bcea3a21df099cf1a0d0976d86dea738518b137017013bde6fb	92bd8f0e99982a17cdb59237d57b5b55f97368255e6c861d213d3c0aaf67e9f8
SRR9304718.74424	NM_001289746.2	GAPDH	NC_000012.12	6534801	6538371	False	60	1257	7f82f080cbda53b9838093f7e75ec49fab38394b96ac67fc7c228e9a8e9d0208	5371e1c5e07d715cd360809f6f5503144ab5a0d69eff7600bf56b6591b8347c6
SRR9304718.76942	NM_001289746.2	GAPDH	NC_000012.12	6534801	6538368	False	49	1280	4da7e368b3a6bf913d7c4635a68c66ec931c38e0082bb23017d1fa888983a753	893cd11fc4216b082f3a4ede896074fbdc9edaf96f9d7efab1cb382e73f626c7
SRR9304718.80007	NM_001289746.2	GAPDH	NC_000012.12	6534825	6538311	False	43	1246	eb87ab73599910497dff6741bc97a8be55d263d3b8eb9324507d21d7007c77d8	243c1ca921085b3bcd7b324f233da47ab5a483712e22fa38a3c3fcb77d58435c
SRR9304718.80103	NM_001289746.2	GAPDH	NC_000012.12	6534806	6538309	False	60	1236	3319d082fe39ec6cf71b71655c784e7717f52569595cdd54146d5347400f2cf0	0ced209c22ecc22d74273462d30ca1a8e9c6421b9c89018a80faf77313a2ad00
SRR9304718.80564	NM_001289746.2	GAPDH	NC_000012.12	6534807	6538359	False	56	1250	adc288b327cd2d46ca66edcc14b44c161079fe0771a81f3ed4e65e1c376a0590	264c0c1fb9974c08c559cbc637de6a7e266d203513080f011624202e7d314132
SRR9304718.82419	NM_001289746.2	GAPDH	NC_000012.12	6534806	6538371	False	53	1291	828289059ddb36d3a16b677140ebbce46bbccc431b3db230f6d6133a826f745d	abc652681a6ad00d04dd35e4e2379edb534778ec2a60fa22f05933a7669c0c62
SRR9304718.85549	NM_001289746.2	GAPDH	NC_000012.12	6534806	6538329	False	60	1176	e2d59e4801cb0b2fd358f923bef2176284097e8a7bb57a5e84cfb773d05c9f76	0ca256656f283354d4fee31ceee2b2b5aee2e227c3ee3afdb4d24046ec556516
SRR9304718.86483	NM_001289746.2	GAPDH	NC_000012.12	6534811	6538368	False	27	1241	ff71adeadc4ba02c57ee1ce39cf53bca8bd4677408b8f6e09f2b4e6b1eafd4d3	f220019c412804568fb9d52b7cef3edcb3545736d2f45b6ec6777e9619619660
SRR9304718.89093	NM_001289746.2	GAPDH	NC_000012.12	6534811	6538254	False	60	1240	ac8f3d7351b36a8bf519275afa714c2e8dfe0f02b8df65550199eb3ca57532f9	660af8cdf4c4a604b10304fcf261fb50db1f6f431b26911d4acefa152b9d6576
SRR9304718.906	NM_001289746.2	GAPDH	NC_000012.12	6534825	6538217	False	60	1242	af551f6161ee77287c38c0b162ed03f9bd64b3be83a431b3bb1b862afde74f04	3f06e669a928b222d12dd8e770621099b16e07d948f566efb01372091b88c476
SRR9304718.90846	NM_001289746.2	GAPDH	NC_000012.12	6534806	6538328	False	60	1275	a657e5e04df9aa991cec4cac7c253d87e373be28cfd766e8def79588d45d6947	8eda745e0b563ee1b41501ed17f06b47a7898b95fcb2f4e269ce96b93c6ec1e5
SRR9304718.95466	NM_001289746.2	GAPDH	NC_000012.12	6534823	6538359	False	60	1259	59e1c4c9b49edb39d2b053392fea003737120874e4092aa89826a85d5770567a	dd964d7af0bfc4f908e34b0e8cb1ae1ee6e0e9c834b67f76ec2380b022086f1c
SRR9304718.96840	NM_001289746.2	GAPDH	NC_000012.12	6534806	6538357	False	60	1256	562562402ffcf6bd75303e64468f7e79f930f8d0d6939b7833edb6c55f541ced	0dbd3615816ca98ff1add8bdd37443cd443180ed0e5fa9f1fc0cf1ef05790052
SRR9304718.98790	NM_001289746.2	GAPDH	NC_000012.12	6534837	6538368	False	53	1172	1cd5989933598575f424a61b3fd6304dcac83f5cebc39afe0706665d0cb16ac0	c1324eda01be8c3912d6c63bf4ded1031b4875e5d549798d95132402bb927586
SRR9304718.99102	NM_001289746.2	GAPDH	NC_000012.12	6534812	6538358	False	45	1294	bedfab69f55c8ba27ad19b5f125339d8f48848c47a18e49ca28a8e1a060f0a63	a7208bdcfe3ff6ea607a9c56b1466b5292fd56d5db1c5929dccd27923b074074
SRR9304718.100733	NM_002046.7	GAPDH	NC_000012.12	6534529	6538362	False	60	1278	8e4f8d3438e73a41e57fea3ae2571ec0af6fc1bbe33fca6a8d27cffb006f6e30	ceb99b5ab51bd691f289285ca1d23f6e1bb0a561687ca117d3d76cdcff9975a6
SRR9304718.101712	NM_002046.7	GAPDH	NC_000012.12	6534528	6538346	False	60	1290	dc32255c9e68f7fbee4e7b7708469cd8c450003aaf045ab2ac62a9848ab1aa3e	f66388ea20beeb6364f56e10a4facc439e46fd5272b914f81144f1d9817f9b78
SRR9304718.102253	NM_002046.7	GAPDH	NC_000012.12	6534528	6538368	False	60	1285	85ca994199b3064f96191be76cd71a09ebb783acebd8a746a201aefb803d75b6	5d81110d6c7850b0a603130a0e2f8866d085aa0f1bd4b1c6436a627c01ce7bdf
SRR9304718.107411	NM_002046.7	GAPDH	NC_000012.12	6534528	6538367	False	60	1261	efde65b658277f46f0b23ac007e6bcf47baa8c22d95b27ef1b64443ab6eef646	2925263d49e3bc2928637082c6b3d882b16b1840ca7d6485ecf92e4d694265ab
SRR9304718.109037	NM_002046.7	GAPDH	NC_000012.12	6534529	6538371	False	53	1250	b70c2daf277e788abe714726e36384f783095ab42a6355d929c594c6981d1047	bd6395ebeb9ce9325e5f7492d7775d6a0c9b4cbad74c44d3f445f7b07d64bf64
SRR9304718.114771	NM_002046.7	GAPDH	NC_000012.12	6534528	6538352	False	60	1268	6547456a929af28bcabc2fbd4e678b10e9c31d8c14035cd4527f88b0d563b7c6	28307fc45dbc65b168ea992390b9b9161ebe6571bbf4be2b7a851851da65459d
SRR9304718.114784	NM_002046.7	GAPDH	NC_000012.12	6534528	6538350	False	60	1264	59a92909501e3259b099d05fba3d198ff43b9d887db46c0cb1c064dd9ecb4d62	2b10bcc1cfd3127af35e175df8f8de0a54d5a36867780445b06a6c550f011e76
SRR9304718.118302	NM_002046.7	GAPDH	NC_000012.12	6534533	6538371	False	44	1282	2b6b3ef80fbfdec5cc1e8da3dc2eace32753ac142db58df3fef6976b1cd5c5af	8a714faf777ef65ffa2b248ba75f598915f3d8c4c634fd81b122ebe61f6c7458
SRR9304718.118922	NM_002046.7	GAPDH	NC_000012.12	6534531	6538361	False	60	1260	1b1acf0d07b55e61fd9d3fc051c91cb855d70104685d60394dcc77df66a2d791	8000604a5408324b7df2921f71885e0039f6dfa6cdaf2a316af49506eb74c5c3
SRR9304718.119405	NM_002046.7	GAPDH	NC_000012.12	6534528	6538358	False	60	1299	ec1271d5341be3712b6a9d6cc647f827ed37292dee3a4e34c63430754487137f	564e3511f7d715fe3e235d4eb63e6ea2072a4a89ca77eb1a634f195d64e89fb7
SRR9304718.123809	NM_002046.7	GAPDH	NC_000012.12	6534528	6538351	False	60	1243	18a3b401dc101631636e7f29febbb77e03d8ceb694073797a6bccfe6fea83649	f51b5bc2258ac836233577558eeb6b20a30a216074189cf5ff78d02d587f24ac
SRR9304718.124394	NM_002046.7	GAPDH	NC_000012.12	6534532	6538309	False	60	1258	a9603e9c6c94c55c80893dfb9292e999dcada4ca9ce806940b0ac207e61a36db	9043cc2803ec12737de953b6faaf6709c84b6a371d2e741dc4b85eb507aa2571
SRR9304718.124901	NM_002046.7	GAPDH	NC_000012.12	6534502	6538350	False	51	1275	6490bdef46f942703cdda79d185a40b85ff44f033b909c2e0bfb64e144c9b25b	5aa0d8f36b27efbe0476ae23e7a88b8156196410eebf8e9c274172943000f166
SRR9304718.125157	NM_002046.7	GAPDH	NC_000012.12	6534533	6538310	False	56	1247	8580c4d244973cdccf318ecc1f062515dc26c0600ba6e676b3549b66f87bc73b	3eb410ccfa45843ef138fca36bd0c09df2a925430cad227402ff1cd63ba92308
SRR9304718.128880	NM_002046.7	GAPDH	NC_000012.12	6534528	6538371	False	60	1256	1b3d04ca2a6bac3ceec0d48b84913c746b8049f345e44803bdbea7239362fc85	b6ca186da4c7c925bd11c419cccfb7c28abdec6ac1dbb089a0cde17cbceec7c7
SRR9304718.128943	NM_002046.7	GAPDH	NC_000012.12	6534535	6538371	False	60	1255	8dce0e49207951415320f90fc869f408f48b7d4921cc51485a45f0db1129db7c	67bb892907cf0e45a6cae28bfd580a44197df3e1f4f5cfff82c8e7d771fe6d32
SRR9304718.131292	NM_002046.7	GAPDH	NC_000012.12	6534540	6538371	False	60	1238	22f49b1d3a6538ad7b6ed40b797603e23cf66370b68ede5acf1d0a8f97ca9bc4	ee21f6e7e71ec09abc2618dad182038acc0218a25a2d017e2a8ba14a64fd53db
SRR9304718.133980	NM_002046.7	GAPDH	NC_000012.12	6534530	6538371	False	60	1306	ef4c5557cf55686bd28e8d11610e91df5b89d6f8507ca85cd9fc2ae552cd3746	1484bfcbf007dbfadc83fe722e7eb007872cb4bcc82cf737b1487031de8d1936
SRR9304718.134871	NM_002046.7	GAPDH	NC_000012.12	6534499	6538368	False	60	1280	0445226b9daf1061130950e85994d26505f6be59f5aad209b20941a34de9eece	3345acb48130661e79734563f620ff8d6e893b44bfab6da0a2b03cd593ed784f
SRR9304718.136681	NM_002046.7	GAPDH	NC_000012.12	6534528	6538270	False	60	1230	01eb1b000e9cd60774abdb3de691b473761742a187b68b3a99fe06649d7e02fe	16c4a448d9acbe7c3161eb668337e77cd9040665cd52538e4fb9056935efde5b
SRR9304718.137377	NM_002046.7	GAPDH	NC_000012.12	6534533	6538329	False	60	1212	1408dc9865c99fd86eb674462dc9eb86f8ce0f6e5724a5b90888e374c4366eba	b20e788c3b9965e077e439b07c988104a918906bbecf8262e729f86005b4018b
SRR9304718.139664	NM_002046.7	GAPDH	NC_000012.12	6534529	6538367	False	60	1258	df2a04bf1220eb3b3e0780897bfa10d2171540794408a27ae65a381e2d37e870	5594fd66d86edbaf72b5606c093556e038cc58cb5762b939101b7cfe3d2c5bf2
SRR9304718.140489	NM_002046.7	GAPDH	NC_000012.12	6534528	6538371	False	60	1266	3a74eeeb07a4af1778393bcabbfa2cd17a8b6fd812f446061e04c6841d02480d	40fc9bf5e5f711827afca553101188352c8dd8e7a4174ec105197041fbaa2469
SRR9304718.141568	NM_002046.7	GAPDH	NC_000012.12	6534533	6538359	False	49	1246	d9d08618f009d4d293393ff706f3d6db746104c5a588bc6254062777f5bd7730	33bb793e0674246dbbd4158fdea9d27129e4546a090d3a002e04a1f1022c1195
SRR9304718.144335	NM_002046.7	GAPDH	NC_000012.12	6534530	6538371	False	60	1260	dcd3676393f8300c901320e61d67ddc0aeec761e2f0b5dbab231c74cb0b17736	44f21ef61b3de9f8323849318324b819d98b86cc4ed98eb256208c31af702280
SRR9304718.146091	NM_002046.7	GAPDH	NC_000012.12	6534529	6538371	False	60	1278	c311a8cae3407c6b015214298099842d8b5e8a900280dbd700af09487cd450a4	bf5ca2ee3c5d2c902e752b52574dd97f54a5114666b810b0408e65bc7f78eaa1
SRR9304718.150226	NM_002046.7	GAPDH	NC_000012.12	6534535	6538362	False	60	1277	ba91548fe042f7ac842215d259153844d93892784cd3b5fcae2a7b29c8c3f5f4	2c035fd2f4aec9441c766814f88f2284862553b598dc086fe63f46c34f225404
SRR9304718.153210	NM_002046.7	GAPDH	NC_000012.12	6534534	6538259	False	60	1252	a951116f5dfbce0b14b2c017828b3639770d0a5a64c44e3a953c5a67f58c919e	2deaccdf150fb1a30f68950cf4c0a611dbcabdd5f802dd9c474ff2f7f9e1598e
SRR9304718.156990	NM_002046.7	GAPDH	NC_000012.12	6534533	6538276	False	60	1242	b15b11d8741659f0ed13a248891bd8349f3d94338692bc9960382002ce0b86b2	75dcde96441133164a2f422b9ae3610181c73306624502c99998c4e0173fd222
SRR9304718.157919	NM_002046.7	GAPDH	NC_000012.12	6534534	6538365	False	60	1245	3ef0d1fc58f3d1d85d2d266bd0f4213b3b67c11f3f3874927f16e0718d28f7d0	e4ab0aef39e1b92fc59fac018925372ff704a31ca8ab6c593265d67a63018372
SRR9304718.158873	NM_002046.7	GAPDH	NC_000012.12	6534533	6538309	False	60	1224	57a75c0e02129844170d01732fa2f5b157782967f96bdc7a817ebd58695df5a0	9d00ae8e28512353014f87b62cb9f1df65aff30fd0dc2e2a87cdf50c6d8bb124
SRR9304718.162205	NM_002046.7	GAPDH	NC_000012.12	6534529	6538362	False	60	1282	2251186a28287c185ac1072faa8b931098ec5344563535d882c7aea6dfa85d3b	53aaefe9996978beace269e06220d7d01257bd8596a22cdc9f6d4e4620d4a0f9
SRR9304718.164501	NM_002046.7	GAPDH	NC_000012.12	6534530	6538358	False	53	1256	0ecc6bec45b9152b3549dbe4e7e4e75c91085ac18c199b2d32760ad39a014a3a	0abcc495fd23cb765ab5fa08d37a12e8b1a514e757301a26bd218e4841b26f7f
SRR9304718.165012	NM_002046.7	GAPDH	NC_000012.12	6534528	6538359	False	59	1239	3958a85914173283838e49d7dfe99b81d44c19e818be168442fc8a807df2538d	37a27b176c225a8b3e65e80bf803f0343492353af1d8fc1b7a251e46ceea8e85
SRR9304718.165499	NM_002046.7	GAPDH	NC_000012.12	6534528	6538359	False	60	1258	0e5b19b8c3d1e3bdde4c6da0f2b497a1a58a61644282adfd5f8f919c58574e21	e64f238225bb0ea54e6a4fd6c7b3703faf329e469559670bdb692f3f07ac4fdd
SRR9304718.167206	NM_002046.7	GAPDH	NC_000012.12	6534528	6538371	False	47	1295	3bfaa993b84c6453d089e68897f1fdbfd7362e37d3409b188e487e8ebe258a3d	d87fe2fd3ccf0d5e1fd64e5a4ed37546aaead2937a4042042291d7327241ceff
SRR9304718.170184	NM_002046.7	GAPDH	NC_000012.12	6534530	6538350	False	60	1271	9a53b3da8ec6b74fca056a5b43320f4ccdaed73f0a947f26680eb595634a7e8d	385d943e3f72f7cf1a6509555bff744b4459541f89ed1d6e13ac9acdc392cfdd
SRR9304718.173130	NM_002046.7	GAPDH	NC_000012.12	6534529	6538371	False	60	1251	07202544be6a5aeb5443ad9fad6b2044b5d7a7f85686a11dd3b049dc7b151de4	0a3883cfa3b14f44e11869060e89362a998324da1cce815f399168c3361aa295
SRR9304718.174670	NM_002046.7	GAPDH	NC_000012.12	6534527	6538267	False	60	1250	68ad7b99e7c7b55a4ab52a1981346dd83b5e622596be3093d4ae16be291daddf	f47f2d42cacb486eb2aaeaa307ee5a50390fa5163df485fbe3f1586d4f9b161d
SRR9304718.176204	NM_002046.7	GAPDH	NC_000012.12	6534533	6538371	False	60	1280	3e47ffae5761ec52f90928048e963f36597849605b1f1d5ae36dea6b090b7b13	bb2bbba466e64d50f830e674607d46dadca01d91d11300c0e5da9263cc98457b
SRR9304718.180066	NM_002046.7	GAPDH	NC_000012.12	6534528	6538346	False	49	1292	d85897a41d273e4249f55a5f68bde7a100266e9e617407eadc6436fc949df8f9	aad3fb897aedd447f42bcf934210e2c46ba3e924559cb136f374b48e36a54fd0
SRR9304718.181195	NM_002046.7	GAPDH	NC_000012.12	6534528	6538362	False	50	1249	af84bec34bc14d84689423ea7978ba0868e143e4bc2583c84357303f9f5ba074	c2d34e0931099a2d5910cb0432c4f7bf03c0ec5a90d7fbb33ba8eb74c6b09589
SRR9304718.186886	NM_002046.7	GAPDH	NC_000012.12	6534533	6538346	False	60	1257	1f8b833b76c7304f8a2bd7eebf397f656d7e13e614638f452092519e3b5c6d17	1fd1f136b6837e27bdf33423f93a708b81751f94036d104d599e95b2d8e45cda
SRR9304718.190364	NM_002046.7	GAPDH	NC_000012.12	6534540	6538371	False	55	1250	1b8df9587dff25d8d9fd4eec55853c84fd7786c764a309a5b25272f383326227	b8dabd430577522a6b573ff00743ad7c3be607edadcf875ec97721c67f43231e
SRR9304718.191076	NM_002046.7	GAPDH	NC_000012.12	6534538	6538371	False	60	1269	442eb609389595a726cf2d52d067683b3039ff40aeb12abe7a0cce6893b81d7a	a15d50e9b2169c5e3fdd8788ded7cc062f91af838cf2c7103fba52cea5835d84
SRR9304718.192306	NM_002046.7	GAPDH	NC_000012.12	6534530	6538367	False	60	1257	aaf23835330e327f1ccbb19c364ddc2a8f036421354618f03ee31d72e3272cc3	8e393ed05e0e7e6e031b2dfae10e22ba292e9d2ddc1dc0efd36e394e3cca5b74
SRR9304718.195432	NM_002046.7	GAPDH	NC_000012.12	6534527	6538359	False	50	1252	b09edd1a7f0e3d16aa7481b84e1c84c3121c74d85709e2078bb144eff8e6cf40	112f64781054bcf33ede20114fb70cb2f2b0b9f90e6870da8313c2c2e1b6df19
SRR9304718.197025	NM_002046.7	GAPDH	NC_000012.12	6534533	6538368	False	60	1282	d90fb255021814e3fc0fd57449c195c5fa2fe260cc075e67ffad7aa1ffcb0259	78d06c90c8547aee7952bda9543949f9dd7ce52393737548570095956ee56e5a
SRR9304718.197099	NM_002046.7	GAPDH	NC_000012.12	6534528	6538371	False	60	1242	0ced0f57091285058760d8e1af10d27875648215d32e0b154a1b0248a33d6e8e	039f1cbc0ba52c411149b4117f2205bdc10d80cf1210b75101e1eac1aec94ca7
SRR9304718.197545	NM_002046.7	GAPDH	NC_000012.12	6534527	6538362	False	60	1283	731e2ad80c9419a77be6283c76d58851fe514ee31e6d4d72cdfd3bd133e107ce	65c801b642503f9299020b68b2a45c887dc0bafab9535bdd45e894cc7d8e29a8
SRR9304718.198338	NM_002046.7	GAPDH	NC_000012.12	6534528	6538274	False	60	1215	1d35d44c24e14ecb232c117ade5ec9285421f07bf609008736a29256a6d886ca	372752d07e686c0506a35aceb4278c29d6b56f1c75db52963e862021a622a30b
SRR9304718.198703	NM_002046.7	GAPDH	NC_000012.12	6534530	6538363	False	60	1286	6f13e4992afe769d91c42ef13cb4db370db5904aa97ee1ca7cd7e57434fdc34e	88430bac2d589dc61f5d17f9987db65094e10a773592a27c8fb37284d5139a60
SRR9304718.201985	NM_002046.7	GAPDH	NC_000012.12	6534533	6538310	False	60	1255	af8a7bc0825fc4ae7268c3df582710e2e3bd8c173e03da6a7aad416ff83b719d	4912a59c08f074d08dcc24785a43db4b7d3fcd50998767e953e3e751c82aca1a
SRR9304718.202387	NM_002046.7	GAPDH	NC_000012.12	6534528	6538358	False	53	1291	b623723edd58a6556bfd2ef4a4753eac97df940886b512eca4940ef22f4f9863	f9631c365d3bfa47e7f89ef45882b1b29529202a409057baf97dbd94902a0409
SRR9304718.203317	NM_002046.7	GAPDH	NC_000012.12	6534527	6538368	False	60	1247	c1854d91ebcfef51f352b178cd2c862d8483a424b67775fd2a8b8b8f49747169	cbd56c94977c24bae968ab7567271076f668b1c6d01ae42c17dd61ad03018aac
SRR9304718.203944	NM_002046.7	GAPDH	NC_000012.12	6534538	6538365	False	60	1263	6f4e0b10a0e56a2aade6600e7ea37b15b4e6d649540ae7ba24f6b75163f6465a	408dad9b11b32d8c8a6da353959c2b08a4bea0d9f4f68b475ff9d310dfc0051b
SRR9304718.204605	NM_002046.7	GAPDH	NC_000012.12	6534529	6538371	False	60	1264	866420cf24f2d255ede9faf49653e91667a1dd6428fa04b8c7254367b3007855	416aa2170d27e86230c091daad91ad97c3c31e2b0c26adaa50027c29cbd33b7f
SRR9304718.205681	NM_002046.7	GAPDH	NC_000012.12	6534533	6538367	False	60	1266	df8ec1f7f4402175026e355bd25f1c97a1d4dd59ec374ab1c74403931d45e454	25c5f2e9512d4f42a85cb78b569521bf439cbc54c1c4c5eef185d1a669e9a739
SRR9304718.206019	NM_002046.7	GAPDH	NC_000012.12	6534528	6538358	False	60	1259	c71894777e1266cd1ed924a30caf3a3a7ec44275ba5f70461b5528a7b672df30	49651fd1346ed69eb6c2f56dd2d0ab05c246fa99e22da81b5e30ac3b6b9e0ac6
SRR9304718.207691	NM_002046.7	GAPDH	NC_000012.12	6534527	6538371	False	60	1282	7d3caf8aa5693369a80a7eefc2d83d93014b66f8e061fffb3b86ee4f067a02eb	09b00ffbded63ffc3edc2f1baafc33c20955b81ee07b7d6f4a0abcebec58a763
SRR9304718.210791	NM_002046.7	GAPDH	NC_000012.12	6534532	6538358	False	50	1247	c8df34b31299459b174d932671b2926535394207d990f321176698b20bd7d458	40c3a7c0c63c2ceffd8b141665b7f3bebe0a00dbda452e15d48b55aeca3ba3d0
SRR9304718.210935	NM_002046.7	GAPDH	NC_000012.12	6534527	6538191	False	60	1203	62cc1f692e663b20421cd90f3c1f66794e280009e8d4c2de7a4f15eb63504f4e	4f96a110c13d9352b83849bc504d4cc05ab67555f361aa95dc4d0e88cdc73061
SRR9304718.212777	NM_002046.7	GAPDH	NC_000012.12	6534529	6538371	False	60	1256	37957b9177b760a5e8b1a211947e2410fb273878896db1e309e3f7a8ef12d9eb	afa61b543b04cb91b97524400284cd18be236d14474231b0934b81c4e0f910ed
SRR9304718.214104	NM_002046.7	GAPDH	NC_000012.12	6534530	6538311	False	60	1305	8f4afa0e2495a02ffa69d679ec3f36751e6081ad8943adc2bca045b2c6c47aee	bb286521440adb57993553a549ba90b634d90fe933a8e682e4107ca3882ebed8
SRR9304718.214112	NM_002046.7	GAPDH	NC_000012.12	6534531	6538371	False	60	1256	9aae9b8a298f13873214e748db8268355991cf0c92e2b52ef468d21a912304c1	da79993b012fba6e0f855b2a2773ec21da4b81152ac4c22c6d84f09d398349cf
SRR9304718.214359	NM_002046.7	GAPDH	NC_000012.12	6534529	6538262	False	57	1273	f6fbd56ef1c6e3031e90fa1a894ca607d01c2f2fb6ccb918ba18ef509afc8542	e92871c9c5125ed3efb4df9ad4b9fd7d934d1d5dfd90381f0c95a5759c69ff2e
SRR9304718.216288	NM_002046.7	GAPDH	NC_000012.12	6534529	6538359	False	60	1261	fbc0770f9faebc313358287123b42dad14b2def70055ba166f73a199ed26e674	b9e27b634b7b01846636e1699015a95a1674660554137a4d394663c22d4f81c8
SRR9304718.217261	NM_002046.7	GAPDH	NC_000012.12	6534528	6538368	False	60	1251	62f22a78e423c1ff7415a8b82dae22f17a409ecf2135401f4b5aec24d5808641	0d13545fe9ea729253db55cfb8af99f3011a6b4cdebb2940eb6c8a94c3a57c37
SRR9304718.221829	NM_002046.7	GAPDH	NC_000012.12	6534534	6538276	False	60	1152	32a1019ab84de3065ff9185388c9e8f3b0de91d5c03a87d13a07eebac3dd6e45	b873ad58fc3459713f78c3583cb7367e132206714422b1dfa8e795c960e8a18b
SRR9304718.224262	NM_002046.7	GAPDH	NC_000012.12	6534527	6538357	False	60	1248	85f85f17a40806e1f42480a557afdc0f8a7ec410c0ed831f6311399d65401425	8e0e6a405b05ce6c4cd5b96868d67f39d7da6264998fa9ef9a18db22f4b15c4d
SRR9304718.229852	NM_002046.7	GAPDH	NC_000012.12	6534533	6538368	False	60	1283	ab9778b3650f14459eaec5e936eafe5c48f63fe719d2764bc56ca04d5bdfc272	2ff601e3ed520e025ade41d525b03a80034ef1922905030d66b604e91e95bcb8
SRR9304718.232075	NM_002046.7	GAPDH	NC_000012.12	6534529	6538336	False	60	1269	0400ee59e8578c8a8934f9154833ae88331897d97e2a0439a175f33fbb36bd59	40dd0370ce0e3c75d202fbe2ff063dcbd62e561eb3a2260a15d28d4ee84284a4
SRR9304718.233866	NM_002046.7	GAPDH	NC_000012.12	6534528	6538371	False	60	1272	72415811e0758678b8b74419bf01bc67922c4d355be67baa34f84d324464d572	c058389ca38e21f1c28412f3bb75ae0c637e86a894bfed72955046b094e443c2
SRR9304718.237597	NM_002046.7	GAPDH	NC_000012.12	6534528	6538368	False	60	1279	1fe485835f9970ce87a83cf75b5df715b311180f46cbc56ea6398633a82f198c	d552281351ddb842b04ac3b1e1b1cb5fbac475b2fad2b1593bf94b22a09fe21f
SRR9304718.247403	NM_002046.7	GAPDH	NC_000012.12	6534531	6538358	False	60	1262	5fb38aa50049dd6e7efb17b09cfd5a3766a0c82fe4b085dd3a72d5b40e0600f4	cf2d7ced9023c65ac4fe6864b28c7849dc88a0b53b9982339581ebd622a15729
SRR9304718.250521	NM_002046.7	GAPDH	NC_000012.12	6534530	6538332	False	53	1270	8308a1166165c25bd6b9d7fcd84d3156a347caaafe3b60f67feedd323faceaee	09673bb90305fd313664114a7805c075ae87ae1f357d155d96a3db07e79aa6e5
SRR9304718.252377	NM_002046.7	GAPDH	NC_000012.12	6534529	6538358	False	47	1263	316c6f3255b39ddeeff5f5e9b23d0ac05b6f38e6ed92f4b93d8fb4362733c09d	c16a0685144a9a130c526d21f599d57d31024bbf44d09dcbfc3a77c469b53fc1
SRR9304718.36923	NM_002046.7	GAPDH	NC_000012.12	6534527	6538365	False	60	1254	f27b692613722b65fee37538a942703a06aa60ae45c47b260821346a7f3fa074	92f07d3ff24dfe53ae3fd81ad52f3e1af7ea2e4bd3a61f83acea6c51e72eda34
SRR9304718.40157	NM_002046.7	GAPDH	NC_000012.12	6534538	6538273	False	60	1266	224b9f7449b2ea97f8362abb29ac0a59c0aef42e9bb7adb7a4249b933c1c41a3	63a1b1a520920ea4d0ee429fa151b44b97c51f539ddc38074db5eb4a21bcc5d4
SRR9304718.52948	NM_002046.7	GAPDH	NC_000012.12	6534537	6538311	False	60	1269	84ce97488dfecf26923a13241b39ac245f01e8e7e2481c8faca9aeb16dc164a1	3ff46b418108af8b8d9de32d721918c1962634392dc22885eb2cdd4c790ea6fc
SRR9304718.69016	NM_002046.7	GAPDH	NC_000012.12	6534528	6538346	False	60	1237	66039082a383b4fa7a7685cfdf1e7ea9ca7ea4c95927a05942d311d345e95744	d3f7bfa406fd2846dd894464cfe8fa1493f8d46a0675ec33e96ca835d2a55517
SRR9304718.70371	NM_002046.7	GAPDH	NC_000012.12	6534528	6538328	False	60	1195	da16f8faf44b210351b0f267bb46fbfe337f9ece6265352f28586e58f4024fd4	36114036d96a35794ff8f3e72b7ece73d2d4177168cd81c8c80db4bf91cf47b7
SRR9304718.71711	NM_002046.7	GAPDH	NC_000012.12	6534528	6538371	False	46	1281	a525785677e26e69ca21700c4d6c5b692088484774f0ced026381be03a8a2426	7bebb6b1a2cb30dd15439d44eb47f70011891ce87a32a16c03e849dfae123229
SRR9304718.76005	NM_002046.7	GAPDH	NC_000012.12	6534530	6538368	False	60	1260	a722c469bc3573b665f845c65586d6dab59b6b450d5229918c908e6403e75d21	7a252af7101ef17ff2902832c1090c4ba71a0f4b363afdc95bc459fa8572c9a8
SRR9304718.76050	NM_002046.7	GAPDH	NC_000012.12	6534527	6538359	False	60	1221	bec572e69a5c937652aeb068fbefafd246601d86f90c9d2c0100f6cf16545688	f0285e822d69507242863fe3077393dae7b87e279bed57682a3e729faec4cbc1
SRR9304718.76325	NM_002046.7	GAPDH	NC_000012.12	6534530	6538371	False	55	1240	838e84a18ddc17db6901d3b71c77c1f9946de6de3a6a3a59dd2972bca49bcf93	1124788f305ea7526e393d64cb1491d404bd6bd3d74ee82d177da07d6d3104fc
SRR9304718.77331	NM_002046.7	GAPDH	NC_000012.12	6534528	6538371	False	60	1253	cd07b4a7847081dca883f74047d88c665ed90a8260c80e97ada1d81d1a6de404	e230f8e1f6c4b8609ca6c21bfcb6d9e89c82580ebd5126919473a201a550cd74
SRR9304718.79623	NM_002046.7	GAPDH	NC_000012.12	6534528	6538371	False	60	1276	c15283beb9972c1b5b5a4e7eb30e22455c5f84e39534d1469a728b52909ccc76	0e65f3a55ba824071fee787cf0cffa9dc99294b09322627ed7c0b5483676ebfd
SRR9304718.80952	NM_002046.7	GAPDH	NC_000012.12	6534528	6538371	False	60	1244	158b1b796b3f141bca0647b9608927d77c8c785507fbd7ad1a8a111bf69d3694	7b49d973ef7e4aecd4197b9c5b39c7317dda5f214f107c924f8cbf676164cfbd
SRR9304718.81729	NM_002046.7	GAPDH	NC_000012.12	6534535	6538371	False	57	1306	4090e90e10fa3e6155ad340a2d5ba010feba269301c2b0d78664e9f1f6f9780f	5c2fe1155d2f63c0a253d0fec42aa6d47174b1ec5947ebc9077d440ffdbb36d1
SRR9304718.83397	NM_002046.7	GAPDH	NC_000012.12	6534529	6538363	False	53	1280	4feacacbbe892467726d14c7a457e4d8d5a8f063fee068e1de46ca2fb8600f8e	4a4c6db7f20af4ab59b48a0fa43af911a739589a75f1817e86b1cbab950cb850
SRR9304718.85435	NM_002046.7	GAPDH	NC_000012.12	6534527	6538358	False	60	1166	db5d8544925c6fc9074ee18052440f29584a86b2eb654edc6b39a2914abf2991	719b06c68796ebae0051f07c283d47c344b2bf9c7873ffaa8300f9101c28ed2c
SRR9304718.87338	NM_002046.7	GAPDH	NC_000012.12	6534529	6538309	False	60	1362	2084080776d7d2c87ef872afac602a5cec5b51e71dca3183db79e189196fe33e	31891da8c6949824c01166e96cfe001f127e295088cb9d09fd6ef30cc785fc14
SRR9304718.90552	NM_002046.7	GAPDH	NC_000012.12	6534528	6538371	False	47	1269	959483b4ff6ecf420004d42c77253bc61cce2ebbd92fe69b80ef965f5b0c3fae	b5fb3de7a4b1ee70ac516ff824cb569704bfef3f6cf5d773f4efcfe91d97fbd4
SRR9304718.90571	NM_002046.7	GAPDH	NC_000012.12	6534534	6538311	False	55	1212	cabb7c4fde45ae2566ed0164af7f00c58a27f036457dcc821fc1d8d39c4d1680	88b6b10ab31c914d8081a13466f6125a9d0a3bd9683fb9cf3307404369674646
SRR9304718.92513	NM_002046.7	GAPDH	NC_000012.12	6534533	6538311	False	60	1245	fe28af921c5e8ed42d4921d977a363ac5fd8bea11041a3aeef0542840c0e429b	ec7ba10305850f767448c882171867a175e3d70bba47f2a9074eac08b0b3dbdf
SRR9304718.93949	NM_002046.7	GAPDH	NC_000012.12	6534528	6538368	False	60	1225	d321fe53bc035fb49574952dc5f29f8d0b763128b4764283356a689acffc620b	926c520223c605a66ebefc8faf26b872b85d17b3c7c948386e2be71ec49e86ce
SRR9304718.95167	NM_002046.7	GAPDH	NC_000012.12	6534528	6538274	False	42	1288	d7eb6eee7fcaf0807a30fe8d2ebea813dd98698db50546ccd13d63a580401e65	f72a2420f32bd72149b20f6f932198e0d64846fd9bab0a890b37747551368f94
SRR9304718.96275	NM_002046.7	GAPDH	NC_000012.12	6534529	6538328	False	60	1267	7f554d0955db696327f9bf0c9545f409aceeca6d9390d528c2c62b469d9ab5c3	4cee9f43f8b00d97d852a24eaee4b86f5a92406d4b72baf53f5152682e62d6cd
SRR9304718.96912	NM_002046.7	GAPDH	NC_000012.12	6534535	6538365	False	60	1304	8337c94ab98d6824315e9443ca5c47be5f498459444f5bc9d8b0bd4e75ef3bdd	801bab8c83bf0e253d03f47d133fd333e8e0e8ae87e828873f1c403360e02fe8
SRR9304718.101410	NM_181697.3	PRDX1	NC_000001.11	45511246	45521871	True	60	817	26bb5dd11fc3abc8e7220e7f353cb45f8614ee3fd59f520b848ddd1e43aced31	7401b0d30f3fc109dba271ef46a64227d015704cb0ea585b1f4d732990319261
SRR9304718.103540	NM_181697.3	PRDX1	NC_000001.11	45511053	45521873	True	50	929	e0c33c0b8229e12f35fdd9312e644146d02a7b4de62a0d21458ccfa95a26f29c	3f1efe15a22c18973453bd4be64595cbed9461305b67df22ab66b1268939b9b4
SRR9304718.106439	NM_181697.3	PRDX1	NC_000001.11	45511229	45521861	True	60	790	32c52cb9b041148bce815a951cd33261143324dcb08b03282f27ce438c3e73d4	5ae855f963dbc84eb53155952be4042265a73876b318038239a320c26a8112ef
SRR9304718.108203	NM_181697.3	PRDX1	NC_000001.11	45511235	45521873	True	60	715	2850784bb2552493abf794461ed075838d020b4c75c00490717f048af40790ef	a4b18df7b64d81b7bdf75571bbe9b557d23c7bc61e9ba4111bd9179f25c0bff0
SRR9304718.108220	NM_181697.3	PRDX1	NC_000001.11	45511227	45521873	True	60	772	cda3385a7e783b0d929ff837d915fded969faa9ff62515ab971915ab5a0ba25e	c9105d7ffe67d1ca0fc7274c5d992b2b948d87d948f77970a12e99d60d78643b
SRR9304718.108559	NM_181697.3	PRDX1	NC_000001.11	45511052	45521871	True	60	945	7e4901e2f15cc570ad70e52bf8d40e30e5f4c6ab15bb942b948fbe410dfdeb59	89eae41185ef5b9c6b6c9be335a8e067d88a61bc3ba1e7206b56fb529c2c3634
SRR9304718.109332	NM_181697.3	PRDX1	NC_000001.11	45511228	45521873	True	60	785	266c668aef02ad500c1bac85db047bdbd13877782bc35092f076d37d92e33aa9	f86944ff0ced094b811fe62dc6224cff57811edf1070073aa1c83e46ded32cfd
SRR9304718.110538	NM_181697.3	PRDX1	NC_000001.11	45511226	45521873	True	53	785	03493bf8d37a802019ed59118c2f9d130ca037eb46f1b97e6cca6655b09b9088	c73fffa75cffcef0914c1999bdd49b47fd61173b195a7b89a6b65cdc5ec074ee
SRR9304718.110644	NM_181697.3	PRDX1	NC_000001.11	45511050	45521873	True	60	946	662dfc41741309ea51981840127bc7c64ac19e72e388e050446a2ecaba772a9f	2ed4aa321b1c13a58df83541472766f85b0a280c6d617ba4720530641536b51c
SRR9304718.113097	NM_181697.3	PRDX1	NC_000001.11	45511051	45521871	True	60	975	4b75491c48cc5106a0210faaf3c8a197337eb35c5b07478727c6fa261a521229	b884d45de700a195d5a1674f1010f073560ae6517613e71667c6d8d28156bbc7
SRR9304718.113278	NM_181697.3	PRDX1	NC_000001.11	45511046	45521873	True	60	919	a7199169681081b5edcb55a3c09a1ebc63274d2dfdd445f312851c0e51dae89c	be08362a7c6e11ca27c80c42993f5b8b75495de8ed1c81472a03403244090da6
SRR9304718.113822	NM_181697.3	PRDX1	NC_000001.11	45511053	45521877	True	60	1005	ce54b0ddb0e008d53a640802e6a144941206853bf877a100735dad5a1dd49623	858405989187ec0bffbbec34aa713a251d15bbb8e7a3aa51153bfe56dd0e428a
SRR9304718.114346	NM_181697.3	PRDX1	NC_000001.11	45511053	45521873	True	60	925	0fbfcb02a1ba904e595526b6f2d77d1cf5a12f864064bf0d9954710a9fe0ad5a	a6a6146223e93dde248470a8609688a91b59043538107c32879e31e7849ebe36
SRR9304718.114445	NM_181697.3	PRDX1	NC_000001.11	45511050	45521908	True	60	967	c72d54506c44c8927b44b16601b9be7e794f98f077e774ced2d8a2ddaf248a0a	d6aa20801570f9e6642f5c4a1719bd44718874e0b2a012861571c09264bb6b47
SRR9304718.114477	NM_181697.3	PRDX1	NC_000001.11	45511227	45521873	True	60	799	f502d6f9af041decfa1dc47ed4d1e91f747e219a40b64f191be86d74ae69a1f2	cbde1048ddd6b7d630225361f9bd5e1c4d4aee1a226a7a6d45d7944180c253fe
SRR9304718.117789	NM_181697.3	PRDX1	NC_000001.11	45511046	45521873	True	60	944	7129974d48179a9a7d1c6bb54d8becfe661e82aa0d07b32eddcdf888de5083a1	42b46a557f9d72b38818885c14778e5f6776202c146633ead7c849522587f575
SRR9304718.119435	NM_181697.3	PRDX1	NC_000001.11	45511228	45521873	True	60	817	1d54a1625a7d70f3448a61afb9eccd9c13ab4ae0a2bed21c47a2d6a6c94b2c2a	6f93d69cc7e1d7ff3e83724661173419a5ec8029ba82050fb136fcc753a79f29
SRR9304718.119713	NM_181697.3	PRDX1	NC_000001.11	45511245	45521873	True	60	778	afa78527c6c8cecaf0e86b21230778fef266545836ca33ddf25bbe7a05a4aac3	4765f8ad0888c9f417ba272b7968264a8629f12f2ee8183eadcaaedf3402f93e
SRR9304718.120274	NM_181697.3	PRDX1	NC_000001.11	45511056	45521871	True	60	960	48fcbe82d75e74f20cb4267a55e02dd1fa509d44d12b7cf5983373e72babcfe3	c289a6a9dda314f379217239b7d68d1ba2400ff80651701ad8e64298ac2e82ae
SRR9304718.121164	NM_181697.3	PRDX1	NC_000001.11	45511046	45521874	True	60	940	43c80c24c83953e414f9448364f17a4991a0c98c8ff7c8af86aa1cec29a44642	db57b79d15e51e86b1f2a67684d12b1d9d00e96d4223a3f97a3dc841186bafd5
SRR9304718.121463	NM_181697.3	PRDX1	NC_000001.11	45511050	45521873	True	60	939	a20600b049f3b4bf9fac45834e3a2d88eb943b7793d684000064cf1c84c1c8cc	e498460f1b381cbd66bd40183045d023de1e4c551fd51b61f97d34596f881af2
SRR9304718.123170	NM_181697.3	PRDX1	NC_000001.11	45511050	45521872	True	60	943	182d5de1e50ae9d9a4ba4c6a33782babe01973f236f2d7c0f3615d8771ba9275	73b44767726b1600c386949c8cb40823a9785d0133214768260b362a61d7d5aa
SRR9304718.127742	NM_181697.3	PRDX1	NC_000001.11	45511050	45521871	True	60	992	1c9add6f5d44c9ce67c038414dc8388318c50a4eaf4d5531c81fb64196c590c8	58dbbb1a166a7f4aad91efd6dc24af6205c45a7adda814388da7ff66223d5536
SRR9304718.129534	NM_181697.3	PRDX1	NC_000001.11	45511052	45521873	True	60	930	9ceb626334718b81a238d5b88f9a1a7f0db191219660e54670d3db11800b4b45	fd3141e79231483e7ee03141279a7dca8f4d25d86141467443492ba82bd7d5a3
SRR9304718.131168	NM_181697.3	PRDX1	NC_000001.11	45511050	45521873	True	60	925	2ff2ebe4b6569e43c40c18be74a541e7c32ebd60de19fec1cdf7b4b89014e273	f7585335c3048ca0ddb018b5da5ee170a4875ff6b8fbfad11cf8aa2ce818d907
SRR9304718.134617	NM_181697.3	PRDX1	NC_000001.11	45511050	45521872	True	53	961	691535668afb208370240be6f9bab168a14f3f3b08f6f9729fd1b3ebe531542d	19e5e75c475fad972c1e189faca157938ef054aa2b8c200ad9a1bb46d022dc27
SRR9304718.138448	NM_181697.3	PRDX1	NC_000001.11	45511229	45521865	True	60	782	8e1e8722c06c67bf3b2164534782464d1dcd630b03108f7ec08e6097bf34088e	c7a6b89631a0ade38f1ed63540f8456975a07cfef3bdb05cdf575f9c2fc25445
SRR9304718.140578	NM_181697.3	PRDX1	NC_000001.11	45511053	45521872	True	60	943	ef53663e66e37b5c34eb9d99c993df7e23d0389680ecd97980922872673cb405	ed87da73b60b4c62532287576cb0114e1899051f1db8612449fad70ca238828d
SRR9304718.140785	NM_181697.3	PRDX1	NC_000001.11	45511067	45521873	True	60	900	82c8d189d74bc8f894392f8e6497b9a4c528c83e1ac68d3da8f570449e8a4897	d249636f3ffea68eb1eee028ebac7fe755250f6675357f5aad0e6b5eded9e8d0
SRR9304718.141136	NM_181697.3	PRDX1	NC_000001.11	45511051	45521873	True	60	972	6697611dd1fd98af97ada2cf6f4d2f02755b7c25acc3ae2104e93e1d2345511b	b182575642618f5b4cb9ae8a5c9e91b3211f5c497c10dd34e8da172b7a9bf611
SRR9304718.142896	NM_181697.3	PRDX1	NC_000001.11	45511061	45521866	True	60	921	333ea9e15bfcc07c9b183d6de68afd80dcbffbb238ee3ff488bc4851515e52f5	f0e73eef33c6b6d03c38eee461e51c35d5004883df38f2b3263b2a88009b736a
SRR9304718.145047	NM_181697.3	PRDX1	NC_000001.11	45511057	45521866	True	60	961	6adf67e6e3acd155ad3727a1843337ee281e54cc2fa628baea8b4be042fba3c7	f8b5689c76e6f0d6e3d08ca1d406f97de501a2545e14e1e1c712ed5ddf2a77b9
SRR9304718.145782	NM_181697.3	PRDX1	NC_000001.11	45511048	45521873	True	60	960	aaf1fd430854c2c4759bcff12a717efc3e9828deec76bbf070c7c9789f1b3d65	1df5d6cfa30c4ddd814dcbb03cb1c00b57dcd7703e123c798799daf96a1a6b4d
SRR9304718.147144	NM_181697.3	PRDX1	NC_000001.11	45511053	45521873	True	60	961	6d82cab55afa4e589d51ccba68a0ef97b6129f747fe054a97ea2a199d838ef91	a84468ab3571001c87d00dffc16ef1a85e848826463e719b3ae0578d921c2373
SRR9304718.147900	NM_181697.3	PRDX1	NC_000001.11	45511052	45521873	True	60	940	022e10391ca2a5e4feca02e6564f0b0575c9c95f02b1e8f3fd0af9ce3ee8e55a	ad0cd3c0c09057be362d483253a3ddf9731afcb640ce50d06cc6a8ad7ee9dca9
SRR9304718.150803	NM_181697.3	PRDX1	NC_000001.11	45511238	45521873	True	60	789	14261a0f31fa34e5d4e1660a09c6c0de73e6e0d5b190014d8a7792162698a4ba	56dbdc88dc9e4e309b154bfdd83b49536976c826e0e5e0b2b272104db7e587dc
SRR9304718.151215	NM_181697.3	PRDX1	NC_000001.11	45511050	45521873	True	60	979	3ce64ade4e4d8475078d56cf30f4473e19629ee4d0d2a104ac6fabc31013af4b	64db828b98deab05b45a8b7eeafe54aa44274bd779c4487f9ba4b16469519719
SRR9304718.152419	NM_181697.3	PRDX1	NC_000001.11	45511052	45521873	True	60	953	7ae8c7dd7bf5616d03cec939ad37f8a3d3dab39cd766e38f8ac3c95a33dd14ad	44062fb270f04e4e3ce219e55b566efe00efe00eafab990e02101f53104724bd
SRR9304718.153749	NM_181697.3	PRDX1	NC_000001.11	45511051	45521871	True	60	953	bdae37ce1d085bff60bb2c411bd8478cf8e962c4a9b7535aed7c3e6db86e6411	e4fc2144acdee25634112def47008ccb311ba1974ac404af6835f803f4fb44cf
SRR9304718.158649	NM_181697.3	PRDX1	NC_000001.11	45511061	45521872	True	60	955	791731202886d2fa3ea1d9c461cf58d921975293dfcedaa59c3fa2fa3041a2d6	14c4f09a5cbff8151ebf51330285067d2f8790d50432a66f5a4da65bf643f909
SRR9304718.160407	NM_181697.3	PRDX1	NC_000001.11	45511228	45521865	True	60	765	1c9e64302f88f831fe129f297fa74d21636581e6d138788aa588c94b4e4e5821	8ebdedf275a46ef926759508f73c4472e83334ed33330d492caeb77907cc537c
SRR9304718.161826	NM_181697.3	PRDX1	NC_000001.11	45511057	45521873	True	60	922	01ea914a85843345cefa9dc9006463a14c29f66212e52a12d236214b8c15cf7c	8234293c44ae2ad9696c107083dfacc9b930841835ef330f8953d22d092cfd24
SRR9304718.163733	NM_181697.3	PRDX1	NC_000001.11	45511379	45521872	True	60	610	6a08bd3ef8ae9d64b41b8b547be2f3b3e65dc468f0e58a53510556f3533925ab	cd80f24afb84689cc8b815b70603da6dc16944faf65510f50c9b280ed187aa3d
SRR9304718.163798	NM_181697.3	PRDX1	NC_000001.11	45511052	45521867	True	60	956	4be247e462311198512b4fef5b06ca86f89bd2fb23ef724d34d88c6b026d0e40	17007feed460582931371e5c164a066fda16fd77773b8a13d22475a02b6958f2
SRR9304718.170811	NM_181697.3	PRDX1	NC_000001.11	45511052	45521873	True	60	958	8c42dea9adc76c80ae38e85fec6c14921697f953366a9043115f8ba79b5880ab	d2bcc809392c8c750bf85441c8fe1df2fe626379c2bdb282a21218b2a8e24dbd
SRR9304718.172312	NM_181697.3	PRDX1	NC_000001.11	45511052	45521873	True	60	991	1aef2158f25e75d201f56a67c48ad433621d65c41b40a1102efd13df38ca6e1b	be8f9cbfa35001d424c3e3c9665de21076ad597a4dde34b4ea7e25691bf412cb
SRR9304718.174272	NM_181697.3	PRDX1	NC_000001.11	45511058	45521873	True	60	957	5a99985e0cc04f5999e65d6421ee450fabc8ef0ced318a6bb0dc9b9739f79fc5	fc4cedf1694b3d043b8e7adb655fb1c90f16833c1fa7b6fdf852bb9982d88a28
SRR9304718.174522	NM_181697.3	PRDX1	NC_000001.11	45511226	45521873	True	60	759	03b5a608e5cfd96be988040bf600373735cf3b4ba3a960e84bd304251d738e06	84bcda997689a1a958db11eb60acd8d9c4cce4baf54df200c1d282afbb8c618e
SRR9304718.176388	NM_181697.3	PRDX1	NC_000001.11	45511050	45521874	True	60	927	3cabacc209247ff20c521445d3735927f889e9a4c4b810dc8708264f0baf93db	8642ddc5e1c234a01fce3d1f79ffa02c11810ceb1585245bdf92460d1c9dfcd7
SRR9304718.176996	NM_181697.3	PRDX1	NC_000001.11	45511228	45521871	True	60	791	8c58a7c50d12a5f845500da224f9703fb7d99ff8a7aaca78c4158dc5ed6cf745	109dafaf732a725172497b670d7e7fc8e10d76895098194173ad75db48b34374
SRR9304718.177015	NM_181697.3	PRDX1	NC_000001.11	45511052	45521876	True	60	948	f7c20aedcfe676e3219ed11bfe1a2d6f77da22e1b2324de63190472b0a21a0a8	cf9849bca51335f97cbf52690bc10e62b087551ec59ae605c2c10d3c3de0b308
SRR9304718.177209	NM_181697.3	PRDX1	NC_000001.11	45511052	45521873	True	60	1002	7c267f941d54bcbc9b7c4eaa306436f5fdf36f1c6658ec3d266b86a8fc9d2a17	8784f2b9de9db5f7f6cf864a92768e08297e82f787f3e53628e4ecc36224198e
SRR9304718.177371	NM_181697.3	PRDX1	NC_000001.11	45511053	45521874	True	60	980	c6c9c81b60cf0f7db44d85b473f537107d64654c1688ef476d8ff0f97c787fd5	9899d86386919afceca1930befcc7332b77c0052edecda405f7c99aa69c06e48
SRR9304718.178028	NM_181697.3	PRDX1	NC_000001.11	45511229	45521858	True	60	774	fa9307ebdeb1a03e9868beecfb4f3f55d67e9aa80c82b006f32d986eb5cd4490	5dd52ac319419358d7e6654a4334d5da1b27e781702e33858bd77556f0c7a127
SRR9304718.179224	NM_181697.3	PRDX1	NC_000001.11	45511053	45521873	True	60	989	26bfea45f21e4fda77c089f0aceca2a7c3d5166b95f8c309f0fe4d548aff170b	5320efcb6cd1223ca5c457df2f3ca50b84e1daefa76492a25445bc98822dbaae
SRR9304718.180402	NM_181697.3	PRDX1	NC_000001.11	45511052	45521873	True	60	967	bd77ff04db21bd1ae0fdf85909a61410fe95ae6cb0590f23d6b65e7b9effd98f	8cdffa0b99bca0326230ca556a10dd4dd4fc591b7ef9a72c31cb47b533e23d71
SRR9304718.181975	NM_181697.3	PRDX1	NC_000001.11	45511050	45521872	True	60	956	9d02d86a124e2b8f5b07cf6066eb2c1bcc5b06f1c05a1c3fce21f8fa29a48be1	207a10ea346e4b8a1cc237631e4b6ec29098c40ed33e20b78413626e6341ac16
SRR9304718.185207	NM_181697.3	PRDX1	NC_000001.11	45511052	45521873	True	60	964	62c00ebc80bc886be2af15219212ff71ad018c1621ab28cdc88d54b2e3b141fd	e00dd71d357120448163caefaf6be14ad5fc3c6b9b2c8e0e43ffacddb4fb474a
SRR9304718.187337	NM_181697.3	PRDX1	NC_000001.11	45511238	45521873	True	60	770	de385bc963a40ed51f21d35b94aa2a552327aeeb79aa0497684b0b0dd14a670d	5c7750f75580121fb6621456ea3d76c05046e755c5e765a782d712db296a0e4b
SRR9304718.190237	NM_181697.3	PRDX1	NC_000001.11	45511050	45521873	True	60	951	28c9a8ec1c6bbd6d79b26f5aaf245c281b0569113d83f1b5359b022d1bf51986	2d06bb316a4bc7291a3ea9c63c85cd999ee6a5f7b87fafaf8da96a74d5fb11fe
SRR9304718.194854	NM_181697.3	PRDX1	NC_000001.11	45511072	45521873	True	60	980	d17d6a39f82666d7f9cf94a2482d00d415645fde42070675394d8dd939aab3c8	6b49a27336d6a03f68bb5e422643b7bc162a710eb0055e00aaf2f09cdc941a34
SRR9304718.195789	NM_181697.3	PRDX1	NC_000001.11	45511226	45521874	True	60	785	9113a750d504be222d5ed895bca7b2fdc7d7f3bdd48965b15228e2148ca438e8	95287fc4f30f0f0e3265c8ebb9f6cdf3252fc433a875498dbaaacb29a7995406
SRR9304718.196989	NM_181697.3	PRDX1	NC_000001.11	45511052	45521873	True	60	932	1e842831a21745b526393394b09dc0170b1af7c2755e38290f7a31b8abea078c	ff39e278c9dda147d8d286474d4259ae78ed8b069338d359904ded2047a7393d
SRR9304718.198652	NM_181697.3	PRDX1	NC_000001.11	45511052	45521873	True	60	968	6928fa2ffc32dbe94e097eca0f28514b6c45556e5886296731a520fbde3eb3c2	5bb7d0185bd0edb8a49546093f3d2624c7fd0190145abb8a72a71da8d97aa37a
SRR9304718.205028	NM_181697.3	PRDX1	NC_000001.11	45511052	45521873	True	60	904	3eb7aa297193227403aab576074575b989a1a389d3542f31a0b267f25bd8ecc7	c8b97b974cbb3483ece324a0fc34ec5a3fde45e19c624d172083b5984020e8c6
SRR9304718.207046	NM_181697.3	PRDX1	NC_000001.11	45511050	45521873	True	60	923	907b1a331712fed3d6473f201e3f69774d7447e04eb6b39d5cd5f00e373e3a03	45c74475c95df7958370d637625c6a7050770fde359c7caf34e407ee2eeabfb4
SRR9304718.209592	NM_181697.3	PRDX1	NC_000001.11	45511232	45521873	True	60	828	f1607d1b5f25c02f5df4a9a50863cf6772109b1e4223066c9fb8ae334177569c	5ffecb681b31d90acd6c224aa98b1e95284c27cd9d49e2a7e1ae2f0b0e315176
SRR9304718.210054	NM_181697.3	PRDX1	NC_000001.11	45511235	45521873	True	60	780	ebba8f6a52f9a3f4e852c16755c34304c09ecaeba155178c736d6b2fb83c4f9b	7cbf54666bcc8515fd94b4c35822a06bb19e00aa6b085193822ae3ad7d8def00
SRR9304718.211431	NM_181697.3	PRDX1	NC_000001.11	45511050	45521873	True	60	924	7cf0a4aea74e1a8f7aacda753cb3383de47556ec5c651af0d4c6147787eaa34c	a2628038688e132ea5c2770b6618197f3790600c5dcd7473b3877eaac1436b57
SRR9304718.212376	NM_181697.3	PRDX1	NC_000001.11	45511227	45521865	True	50	742	d40db635848e577d8d7a1df9cd68d7c0e81ecd8f082cf7f22683ad37c1f97afe	4432685515d50bfc03b57a7a1ef5ec9cb69a883c166bb2b9772de12e09a60ef0
SRR9304718.213133	NM_181697.3	PRDX1	NC_000001.11	45511236	45521873	True	60	781	2a77a7e29e14d10dfca9e403a2e2ec8e9e70bfcf2711c844bc4b4cbe5003fa01	dae3ac10e0837379424d4f9c71ccd3490fea9e4d71210c1da698f5c7033b35f1
SRR9304718.213811	NM_181697.3	PRDX1	NC_000001.11	45511050	45521864	True	60	934	36b95f5d4794bc7b364c134f945c3c19bf1c1e116946f2a713f9366ad05f4fac	b2ab9bcfc4a4046bd3098009459a4297b73294ebc659155a164c6ce4ff391da5
SRR9304718.215508	NM_181697.3	PRDX1	NC_000001.11	45511050	45521873	True	60	978	d9bd5a11d8703783ee079ea4ab4da401218a64c31aac6ac8a0cdcd965db657f0	1622487876437d945bae6a89aa74f4290183e9f2198b115265e1fd1b10eb3b15
SRR9304718.215665	NM_181697.3	PRDX1	NC_000001.11	45511052	45521871	True	60	924	5f736a403d0c04990ac900080f755c99df02f59e0dd1b48b612d922b2fb357c4	c868663f7792d07ad451aece95f6ab6b27fc54b6c81ce120b78404ce0f2fd4e0
SRR9304718.216818	NM_181697.3	PRDX1	NC_000001.11	45511050	45521867	True	60	1015	bcb2cf2b6af55295b801d1a1f16611cc6848bb3eae857c726159d71c00c9dc61	bf4a819e7615ab00efff554c933066c015bb52a43141f761ec92eb7157f0b7db
SRR9304718.223437	NM_181697.3	PRDX1	NC_000001.11	45511050	45521874	True	60	957	55db3cfaed26a3ba6e8c6c1ba15c39aea46c30bbe1fd38f5d471a13840e4c89d	0ada9f6cd89065b55d65dda54654b2cdd2942017c1dc5b8debf6c21197abd124
SRR9304718.225592	NM_181697.3	PRDX1	NC_000001.11	45511232	45521870	True	60	778	12a00ecc60066e84f5af339088bba21b34c000b7804602f165c30dc2c8746ffd	915fe6313c5db20a1e2c46e09779bbbb2e388a7f19663d52cc4cbd855cadfb6d
SRR9304718.226914	NM_181697.3	PRDX1	NC_000001.11	45511226	45521872	True	60	809	e0ed4e0ed71b3a957aa2273d95dbc310fee66c7225b98bbad18072df9676c306	fcba3edd1411d950559b6d5c86babd8183b14604262e84b63ab5caf5c241e48d
SRR9304718.227032	NM_181697.3	PRDX1	NC_000001.11	45511232	45521873	True	60	729	6a107c6719853723683bc087db2664c625a9eb355349332e2d275de9a85a78d4	bfe953615be38787014b42d9917835e6f97d739ea03f883852bacd4d245e8424
SRR9304718.227469	NM_181697.3	PRDX1	NC_000001.11	45511241	45521963	True	60	864	dad5dd4305183806077e2b005a62bb8a5ca88e30501094c5d06f67cba42f8358	a65425c03e68a09000acff0829bdbd6407f3b39bc9364be3e92a8fb36a546d23
SRR9304718.232869	NM_181697.3	PRDX1	NC_000001.11	45511053	45521873	True	60	941	69c5e90229a58dccd76fc58e6ddfeb7c05173d1c866c5b85bb41e74ef33ff9e7	0fed9a412ffe5761ef5ddf21b3dd34603499323d262d44605264020763a4ca82
SRR9304718.236162	NM_181697.3	PRDX1	NC_000001.11	45511050	45521869	True	60	932	0db7b91a57437dfd4746e8b24a0ef86ff2be3b9a3dc65f6cc1e747143851066a	d7db46e7907c0de0291fa7322bc787b64a2f6a6538c223f0f526c97b4e120f7b
SRR9304718.236322	NM_181697.3	PRDX1	NC_000001.11	45511051	45521921	True	60	993	61dd71c3f2b4026c201eae41bb1b0537766d004826b0291d3c0fe2b6f5983caf	5858205e784ce83ea3563f924c3512517c54238e0fd971f5c4949a9783c2ba61
SRR9304718.243360	NM_181697.3	PRDX1	NC_000001.11	45511052	45521873	True	60	948	2ef6ee379cb80e465bc25272841d857ac13bdefc2b72e9c36574a3208b884b91	80987dbfe24c8380e1ee04fc4225ba3c8447d443507ff2562c47fe5244fffd88
SRR9304718.244223	NM_181697.3	PRDX1	NC_000001.11	45511052	45521852	True	60	923	1658820b11bae4209b8adc7e4c90d80c708b21e780eeac95f898b93460b376be	7add2b245cf708b98e2077b2196ef53c85b624c6a59697868b109ca71a77d3d8
SRR9304718.245314	NM_181697.3	PRDX1	NC_000001.11	45511052	45521873	True	60	930	48234b30ecd0029dbcca04865934077354b71b7dcb19261b71cdcf6e46dc2302	cfc6f189d06bed2dc24af01b0fac5219a622edb2d6229df606dbf094dd337e4c
SRR9304718.251064	NM_181697.3	PRDX1	NC_000001.11	45511048	45521873	True	60	982	21a5ba59efa1b27997a4048df616553cf6e1154caa95df83f6dee1f0d9c3a96f	a10949087e7930415fe7d4c22827d56c66729c4ae5635808af9494ffd7bad0de
SRR9304718.251330	NM_181697.3	PRDX1	NC_000001.11	45511052	45521873	True	60	910	8fdb9d97d971274f2be2111fce36b87dbde0cda324364fb637ac9accea95f09c	bfad83823122f4ed126973935cc925f524e0ce139d3d71087eeccb14fa147900
SRR9304718.70053	NM_181697.3	PRDX1	NC_000001.11	45511052	45521873	True	60	960	3fbe4d7fd02e7bdd82b879729569b309e31d19fc35f3d583bc0e1815bd25e94a	e48a9d8692c3adf69a8c4da86b32585235c9cb5f9f27bcbae7c2fe34d051fc15
SRR9304718.72512	NM_181697.3	PRDX1	NC_000001.11	45511052	45521877	True	60	922	81be7a419bbb7feb5d51f732d6090cfb28b013aa82929f41eb927a6256882d67	7cbc5da1185420c954ad79358cab5210b1c1b2e81eb73fac3c1fb08381beaf9b
SRR9304718.74717	NM_181697.3	PRDX1	NC_000001.11	45511052	45521873	True	60	969	61736dab7fe3ca64995140c9d96bd57d77531fa37d5be9ec2504bfe352fc522e	d2aa759af652ec348d4d7e230204e22197fd4e3d8ad2d8bdf07df219fb39ac58
SRR9304718.74804	NM_181697.3	PRDX1	NC_000001.11	45511226	45521872	True	60	793	4733c719bc37bdaf144a57f9c68920940116bbd03a7c8d1f571657f0794ea200	73dfcfc6649b36c1b106eaddbb4bc0a79ed264f5ff63c63621261fffd9a0b983
SRR9304718.75468	NM_181697.3	PRDX1	NC_000001.11	45511051	45521873	True	60	950	e27c2711ef9bd14c07d6129b7f44b92b0ea6d4091232493ab53fecf48352c18e	5105a2b71ace1b6a0674ad213230b5d9fdc94ca746011b9746e3e367d9d56cbf
SRR9304718.82121	NM_181697.3	PRDX1	NC_000001.11	45511052	45521874	True	36	900	7f340cd28c0158327da913608d18b9c055cfc74224dc67bd7c1a46b5fa01e60b	395630a9e574c43ca15a214a30a2ffdc0879309f247fa3c6b651defac27f1fc3
SRR9304718.86125	NM_181697.3	PRDX1	NC_000001.11	45511050	45521874	True	60	972	7750c66ed49f3f8b4ec75041300624d8bbb4b58afe49febede76449e628cfeba	410bfba1449a4a83ddb09db8fe7ac73e4645d77080be20d34dbc83b793e8bbe4
SRR9304718.91229	NM_181697.3	PRDX1	NC_000001.11	45511053	45521874	True	60	969	df45681e7b73ee387aeeededb823e9b5d7b0ba4b3010bc94cf6c11166c254a08	38e16196cc3ff1b2d4897d2e111ce93e0f849da9f1613ba9d3d3893babc91463
SRR9304718.92648	NM_181697.3	PRDX1	NC_000001.11	45511053	45521874	True	60	940	58f43f9a64795068bc35b46219f9ce01bc02cd662f52ad635594482c448b0cc3	3bc9ed00dcf050c89378467f1dd78b8da8907b70be6e3b72187a28fca28bf6e0
SRR9304718.94300	NM_181697.3	PRDX1	NC_000001.11	45511053	45521877	True	60	956	ab5603b7c48a88978da34b7820aa5acfd6a9fcc58037ba7b137707ceb63e63c8	6dc03bbde8c951f907bfccad871f7accc87d4753d9057003cf9f22ea93ded63e
SRR9304718.97276	NM_181697.3	PRDX1	NC_000001.11	45511229	45521874	True	60	782	b682c923ce83648df8eb577a2a22331ad002a63ec8a8d377d6ab99e24072e808	912a8c9530eb59760b03806fe971274418b839ac0b13d54396b36fd08618fec1
SRR9304718.97640	NM_181697.3	PRDX1	NC_000001.11	45511062	45521873	True	60	955	f712970fd655ec506db6c67ccc31730c450955293a9f02ea4d370f95e372e020	e97bb258ac4788c5db56b6f3f3358c821c7cf8ef66a397f252056e59f78badb3
