species_key	species_name	major_lineage	motif_model_group	model_status	pa_confidence_policy
Acyrthosiphon_pisum	Acyrthosiphon pisum	Metazoa	ARTHROPOD	validation_required	support_only_until_validated
Aedes_aegypti	Aedes aegypti	Metazoa	ARTHROPOD	validation_required	support_only_until_validated
Aegilops_tauschii	Aegilops tauschii	Viridiplantae	LAND_PLANT	reference_supported	motif_informed
Anas_platyrhynchos	Anas platyrhynchos	Metazoa	OTHER_VERTEBRATE	validation_required	support_only_until_validated
Anopheles_gambiae	Anopheles gambiae	Metazoa	ARTHROPOD	validation_required	support_only_until_validated
Apis_mellifera	Apis mellifera	Metazoa	ARTHROPOD	validation_required	support_only_until_validated
Arabidopsis_thaliana	Arabidopsis thaliana	Viridiplantae	LAND_PLANT	reference_supported	motif_informed
Arachis_hypogaea	Arachis hypogaea	Viridiplantae	LAND_PLANT	reference_supported	motif_informed
Bombyx_mori	Bombyx mori	Metazoa	ARTHROPOD	validation_required	support_only_until_validated
Bos_grunniens	Bos grunniens	Metazoa	MAMMALIAN	reference_supported	motif_informed
Bos_taurus	Bos taurus	Metazoa	MAMMALIAN	reference_supported	motif_informed
Branchiostoma_floridae	Branchiostoma floridae	Metazoa	NONVERTEBRATE_CHORDATE	validation_required	support_only_until_validated
Brassica_napus	Brassica napus	Viridiplantae	LAND_PLANT	reference_supported	motif_informed
Brassica_oleracea	Brassica oleracea	Viridiplantae	LAND_PLANT	reference_supported	motif_informed
Brassica_rapa	Brassica rapa	Viridiplantae	LAND_PLANT	reference_supported	motif_informed
Brugia_malayi	Brugia malayi	Metazoa	NEMATODE	validation_required	support_only_until_validated
Caenorhabditis_elegans	Caenorhabditis elegans	Metazoa	NEMATODE	validation_required	support_only_until_validated
Callithrix_jacchus	Callithrix jacchus	Metazoa	MAMMALIAN	reference_supported	motif_informed
Camellia_sinensis	Camellia sinensis	Viridiplantae	LAND_PLANT	reference_supported	motif_informed
Candida_albicans	Candida albicans	Fungi	BUDDING_YEAST	validation_required	support_only_until_validated
Cannabis_sativa	Cannabis sativa	Viridiplantae	LAND_PLANT	reference_supported	motif_informed
Capra_hircus	Capra hircus	Metazoa	MAMMALIAN	reference_supported	motif_informed
Cavia_porcellus	Cavia porcellus	Metazoa	MAMMALIAN	reference_supported	motif_informed
Chlamydomonas_reinhardtii	Chlamydomonas reinhardtii	Viridiplantae	GREEN_ALGA	validation_required	support_only_until_validated
Chlorocebus_sabaeus	Chlorocebus sabaeus	Metazoa	MAMMALIAN	reference_supported	motif_informed
Chrysemys_picta	Chrysemys picta	Metazoa	OTHER_VERTEBRATE	validation_required	support_only_until_validated
Cicer_arietinum	Cicer arietinum	Viridiplantae	LAND_PLANT	reference_supported	motif_informed
Ciona_intestinalis	Ciona intestinalis	Metazoa	NONVERTEBRATE_CHORDATE	validation_required	support_only_until_validated
Citrus_sinensis	Citrus sinensis	Viridiplantae	LAND_PLANT	reference_supported	motif_informed
Columba_livia	Columba livia	Metazoa	OTHER_VERTEBRATE	validation_required	support_only_until_validated
Coprinopsis_cinerea	Coprinopsis cinerea	Fungi	BASIDIOMYCETE	validation_required	support_only_until_validated
Coturnix_japonica	Coturnix japonica	Metazoa	OTHER_VERTEBRATE	validation_required	support_only_until_validated
Cricetulus_griseus	Cricetulus griseus	Metazoa	MAMMALIAN	reference_supported	motif_informed
Cucumis_melo	Cucumis melo	Viridiplantae	LAND_PLANT	reference_supported	motif_informed
Cucumis_sativus	Cucumis sativus	Viridiplantae	LAND_PLANT	reference_supported	motif_informed
Danio_rerio	Danio rerio	Metazoa	OTHER_VERTEBRATE	validation_required	support_only_until_validated
Daphnia_magna	Daphnia magna	Metazoa	ARTHROPOD	validation_required	support_only_until_validated
Drosophila_melanogaster	Drosophila melanogaster	Metazoa	ARTHROPOD	validation_required	support_only_until_validated
Drosophila_suzukii	Drosophila suzukii	Metazoa	ARTHROPOD	validation_required	support_only_until_validated
Entamoeba_histolytica	Entamoeba histolytica	Amoebozoa	AMOEBOZOAN	validation_required	support_only_until_validated
Equus_caballus	Equus caballus	Metazoa	MAMMALIAN	reference_supported	motif_informed
Eriocheir_sinensis	Eriocheir sinensis	Metazoa	ARTHROPOD	validation_required	support_only_until_validated
Eucalyptus_grandis	Eucalyptus grandis	Viridiplantae	LAND_PLANT	reference_supported	motif_informed
Gallus_gallus	Gallus gallus	Metazoa	OTHER_VERTEBRATE	validation_required	support_only_until_validated
Gorilla_gorilla	Gorilla gorilla	Metazoa	MAMMALIAN	reference_supported	motif_informed
Gossypium_hirsutum	Gossypium hirsutum	Viridiplantae	LAND_PLANT	reference_supported	motif_informed
Gossypium_raimondii	Gossypium raimondii	Viridiplantae	LAND_PLANT	reference_supported	motif_informed
Heterocephalus_glaber	Heterocephalus glaber	Metazoa	MAMMALIAN	reference_supported	motif_informed
Heterodera_glycines	Heterodera glycines	Metazoa	NEMATODE	validation_required	support_only_until_validated
Homo_sapiens	Homo sapiens	Metazoa	MAMMALIAN	reference_supported	motif_informed
Hordeum_vulgare	Hordeum vulgare	Viridiplantae	LAND_PLANT	reference_supported	motif_informed
Hydra_vulgaris	Hydra vulgaris	Metazoa	CNIDARIAN	validation_required	support_only_until_validated
Limulus_polyphemus	Limulus polyphemus	Metazoa	ARTHROPOD	validation_required	support_only_until_validated
Lottia_gigantea	Lottia gigantea	Metazoa	MOLLUSC	validation_required	support_only_until_validated
Lotus_japonicus	Lotus japonicus	Viridiplantae	LAND_PLANT	reference_supported	motif_informed
Macaca_fascicularis	Macaca fascicularis	Metazoa	MAMMALIAN	reference_supported	motif_informed
Macaca_mulatta	Macaca mulatta	Metazoa	MAMMALIAN	reference_supported	motif_informed
Malus_domestica	Malus domestica	Viridiplantae	LAND_PLANT	reference_supported	motif_informed
Monodelphis_domestica	Monodelphis domestica	Metazoa	MAMMALIAN	reference_supported	motif_informed
Mus_musculus	Mus musculus	Metazoa	MAMMALIAN	reference_supported	motif_informed
Naja_naja	Naja naja	Metazoa	OTHER_VERTEBRATE	validation_required	support_only_until_validated
Nasonia_vitripennis	Nasonia vitripennis	Metazoa	ARTHROPOD	validation_required	support_only_until_validated
Nelumbo_nucifera	Nelumbo nucifera	Viridiplantae	LAND_PLANT	reference_supported	motif_informed
Nematostella_vectensis	Nematostella vectensis	Metazoa	CNIDARIAN	validation_required	support_only_until_validated
Nicotiana_tabacum	Nicotiana tabacum	Viridiplantae	LAND_PLANT	reference_supported	motif_informed
Octopus_bimaculoides	Octopus bimaculoides	Metazoa	MOLLUSC	validation_required	support_only_until_validated
Octopus_vulgaris	Octopus vulgaris	Metazoa	MOLLUSC	validation_required	support_only_until_validated
Olea_europaea	Olea europaea	Viridiplantae	LAND_PLANT	reference_supported	motif_informed
Oncorhynchus_mykiss	Oncorhynchus mykiss	Metazoa	OTHER_VERTEBRATE	validation_required	support_only_until_validated
Oreochromis_niloticus	Oreochromis niloticus	Metazoa	OTHER_VERTEBRATE	validation_required	support_only_until_validated
Oryctolagus_cuniculus	Oryctolagus cuniculus	Metazoa	MAMMALIAN	reference_supported	motif_informed
Oryza_sativa	Oryza sativa	Viridiplantae	LAND_PLANT	reference_supported	motif_informed
Oryzias_latipes	Oryzias latipes	Metazoa	OTHER_VERTEBRATE	validation_required	support_only_until_validated
Ovis_aries	Ovis aries	Metazoa	MAMMALIAN	reference_supported	motif_informed
Pan_troglodytes	Pan troglodytes	Metazoa	MAMMALIAN	reference_supported	motif_informed
Penaeus_monodon	Penaeus monodon	Metazoa	ARTHROPOD	validation_required	support_only_until_validated
Penaeus_vannamei	Penaeus vannamei	Metazoa	ARTHROPOD	validation_required	support_only_until_validated
Phodopus_sungorus	Phodopus sungorus	Metazoa	MAMMALIAN	reference_supported	motif_informed
Plasmodium_falciparum	Plasmodium falciparum	Apicomplexa	APICOMPLEXAN	validation_required	support_only_until_validated
Plasmodium_yoelii	Plasmodium yoelii	Apicomplexa	APICOMPLEXAN	validation_required	support_only_until_validated
Pleurodeles_waltl	Pleurodeles waltl	Metazoa	OTHER_VERTEBRATE	validation_required	support_only_until_validated
Pongo_abelii	Pongo abelii	Metazoa	MAMMALIAN	reference_supported	motif_informed
Populus_trichocarpa	Populus trichocarpa	Viridiplantae	LAND_PLANT	reference_supported	motif_informed
Rattus_norvegicus	Rattus norvegicus	Metazoa	MAMMALIAN	reference_supported	motif_informed
Saccharomyces_cerevisiae	Saccharomyces cerevisiae	Fungi	BUDDING_YEAST	reference_supported	motif_informed
Salmo_salar	Salmo salar	Metazoa	OTHER_VERTEBRATE	validation_required	support_only_until_validated
Schizosaccharomyces_pombe	Schizosaccharomyces pombe	Fungi	FISSION_YEAST	reference_supported	motif_informed
Solanum_lycopersicum	Solanum lycopersicum	Viridiplantae	LAND_PLANT	reference_supported	motif_informed
Solanum_tuberosum	Solanum tuberosum	Viridiplantae	LAND_PLANT	reference_supported	motif_informed
Sorghum_bicolor	Sorghum bicolor	Viridiplantae	LAND_PLANT	reference_supported	motif_informed
Spinacia_oleracea	Spinacia oleracea	Viridiplantae	LAND_PLANT	reference_supported	motif_informed
Sus_scrofa	Sus scrofa	Metazoa	MAMMALIAN	reference_supported	motif_informed
Taeniopygia_guttata	Taeniopygia guttata	Metazoa	OTHER_VERTEBRATE	validation_required	support_only_until_validated
Toxoplasma_gondii	Toxoplasma gondii	Apicomplexa	APICOMPLEXAN	validation_required	support_only_until_validated
Triticum_aestivum	Triticum aestivum	Viridiplantae	LAND_PLANT	reference_supported	motif_informed
Vitis_vinifera	Vitis vinifera	Viridiplantae	LAND_PLANT	reference_supported	motif_informed
Xenopus_laevis	Xenopus laevis	Metazoa	OTHER_VERTEBRATE	validation_required	support_only_until_validated
Xenopus_tropicalis	Xenopus tropicalis	Metazoa	OTHER_VERTEBRATE	validation_required	support_only_until_validated
Zea_mays	Zea mays	Viridiplantae	LAND_PLANT	reference_supported	motif_informed
