motif_dna	motif_rna	motif_family	search_window_nt	annotation_role	source
ATAGTT	AUAGUU	UAG-containing	[-80,-30)	auxiliary	Stroup and Ji 2024 Supplementary Table S7
ATTAGT	AUUAGU	UAG-containing	[-80,-30)	auxiliary	Stroup and Ji 2024 Supplementary Table S7
ATTTAG	AUUUAG	UAG-containing	[-80,-30)	auxiliary	Stroup and Ji 2024 Supplementary Table S7
GTTTAG	GUUUAG	UAG-containing	[-80,-30)	auxiliary	Stroup and Ji 2024 Supplementary Table S7
TAGATA	UAGAUA	UAG-containing	[-80,-30)	auxiliary	Stroup and Ji 2024 Supplementary Table S7
TAGATT	UAGAUU	UAG-containing	[-80,-30)	auxiliary	Stroup and Ji 2024 Supplementary Table S7
TAGGTT	UAGGUU	UAG-containing	[-80,-30)	auxiliary	Stroup and Ji 2024 Supplementary Table S7
TAGTTA	UAGUUA	UAG-containing	[-80,-30)	auxiliary	Stroup and Ji 2024 Supplementary Table S7
TAGTTT	UAGUUU	UAG-containing	[-80,-30)	auxiliary	Stroup and Ji 2024 Supplementary Table S7
TATAGA	UAUAGA	UAG-containing	[-80,-30)	auxiliary	Stroup and Ji 2024 Supplementary Table S7
TATAGT	UAUAGU	UAG-containing	[-80,-30)	auxiliary	Stroup and Ji 2024 Supplementary Table S7
TATTAG	UAUUAG	UAG-containing	[-80,-30)	auxiliary	Stroup and Ji 2024 Supplementary Table S7
TTAGAT	UUAGAU	UAG-containing	[-80,-30)	auxiliary	Stroup and Ji 2024 Supplementary Table S7
TTAGGT	UUAGGU	UAG-containing	[-80,-30)	auxiliary	Stroup and Ji 2024 Supplementary Table S7
TTAGTT	UUAGUU	UAG-containing	[-80,-30)	auxiliary	Stroup and Ji 2024 Supplementary Table S7
TTATAG	UUAUAG	UAG-containing	[-80,-30)	auxiliary	Stroup and Ji 2024 Supplementary Table S7
TTTAGA	UUUAGA	UAG-containing	[-80,-30)	auxiliary	Stroup and Ji 2024 Supplementary Table S7
TTTAGT	UUUAGU	UAG-containing	[-80,-30)	auxiliary	Stroup and Ji 2024 Supplementary Table S7
TTTTAG	UUUUAG	UAG-containing	[-80,-30)	auxiliary	Stroup and Ji 2024 Supplementary Table S7
AAAGTA	AAAGUA	GUA-containing	[+15,+60]	auxiliary	Stroup and Ji 2024 Supplementary Table S7
AAGTAA	AAGUAA	GUA-containing	[+15,+60]	auxiliary	Stroup and Ji 2024 Supplementary Table S7
AATGTA	AAUGUA	GUA-containing	[+15,+60]	auxiliary	Stroup and Ji 2024 Supplementary Table S7
AGTAAA	AGUAAA	GUA-containing	[+15,+60]	auxiliary	Stroup and Ji 2024 Supplementary Table S7
ATGTAA	AUGUAA	GUA-containing	[+15,+60]	auxiliary	Stroup and Ji 2024 Supplementary Table S7
ATGTAT	AUGUAU	GUA-containing	[+15,+60]	auxiliary	Stroup and Ji 2024 Supplementary Table S7
ATTGTA	AUUGUA	GUA-containing	[+15,+60]	auxiliary	Stroup and Ji 2024 Supplementary Table S7
GTAAAA	GUAAAA	GUA-containing	[+15,+60]	auxiliary	Stroup and Ji 2024 Supplementary Table S7
GTAAAG	GUAAAG	GUA-containing	[+15,+60]	auxiliary	Stroup and Ji 2024 Supplementary Table S7
GTAAAT	GUAAAU	GUA-containing	[+15,+60]	auxiliary	Stroup and Ji 2024 Supplementary Table S7
GTAATT	GUAAUU	GUA-containing	[+15,+60]	auxiliary	Stroup and Ji 2024 Supplementary Table S7
GTATAT	GUAUAU	GUA-containing	[+15,+60]	auxiliary	Stroup and Ji 2024 Supplementary Table S7
GTATTT	GUAUUU	GUA-containing	[+15,+60]	auxiliary	Stroup and Ji 2024 Supplementary Table S7
TAAGTA	UAAGUA	GUA-containing	[+15,+60]	auxiliary	Stroup and Ji 2024 Supplementary Table S7
TATGTA	UAUGUA	GUA-containing	[+15,+60]	auxiliary	Stroup and Ji 2024 Supplementary Table S7
TGTAAA	UGUAAA	GUA-containing	[+15,+60]	auxiliary	Stroup and Ji 2024 Supplementary Table S7
TGTAAG	UGUAAG	GUA-containing	[+15,+60]	auxiliary	Stroup and Ji 2024 Supplementary Table S7
TGTAAT	UGUAAU	GUA-containing	[+15,+60]	auxiliary	Stroup and Ji 2024 Supplementary Table S7
TGTATA	UGUAUA	GUA-containing	[+15,+60]	auxiliary	Stroup and Ji 2024 Supplementary Table S7
TGTATT	UGUAUU	GUA-containing	[+15,+60]	auxiliary	Stroup and Ji 2024 Supplementary Table S7
TTGTAA	UUGUAA	GUA-containing	[+15,+60]	auxiliary	Stroup and Ji 2024 Supplementary Table S7
TTGTAT	UUGUAU	GUA-containing	[+15,+60]	auxiliary	Stroup and Ji 2024 Supplementary Table S7
TTTGTA	UUUGUA	GUA-containing	[+15,+60]	auxiliary	Stroup and Ji 2024 Supplementary Table S7
AAGTAG	AAGUAG	GUA-UAG-containing	[-80,-30);[+15,+60]	auxiliary	Stroup and Ji 2024 Supplementary Table S7
AGTAGT	AGUAGU	GUA-UAG-containing	[-80,-30);[+15,+60]	auxiliary	Stroup and Ji 2024 Supplementary Table S7
GTAGTA	GUAGUA	GUA-UAG-containing	[-80,-30);[+15,+60]	auxiliary	Stroup and Ji 2024 Supplementary Table S7
GTAGTT	GUAGUU	GUA-UAG-containing	[-80,-30);[+15,+60]	auxiliary	Stroup and Ji 2024 Supplementary Table S7
TAGTAA	UAGUAA	GUA-UAG-containing	[-80,-30);[+15,+60]	auxiliary	Stroup and Ji 2024 Supplementary Table S7
TAGTAG	UAGUAG	GUA-UAG-containing	[-80,-30);[+15,+60]	auxiliary	Stroup and Ji 2024 Supplementary Table S7
TAGTAT	UAGUAU	GUA-UAG-containing	[-80,-30);[+15,+60]	auxiliary	Stroup and Ji 2024 Supplementary Table S7
TGTAGA	UGUAGA	GUA-UAG-containing	[-80,-30);[+15,+60]	auxiliary	Stroup and Ji 2024 Supplementary Table S7
TGTAGT	UGUAGU	GUA-UAG-containing	[-80,-30);[+15,+60]	auxiliary	Stroup and Ji 2024 Supplementary Table S7
TTAGTA	UUAGUA	GUA-UAG-containing	[-80,-30);[+15,+60]	auxiliary	Stroup and Ji 2024 Supplementary Table S7
TTGTAG	UUGUAG	GUA-UAG-containing	[-80,-30);[+15,+60]	auxiliary	Stroup and Ji 2024 Supplementary Table S7
